path,ext,size,status,rationale
CHANGELOG_v4_3_118.md,.md,544,LIKELY_PROJECT_AUTHORED,local text/code; no external URL detected
CHANGELOG_v4_3_107.md,.md,432,LIKELY_PROJECT_AUTHORED,local text/code; no external URL detected
CHANGELOG_v4_3_105.md,.md,603,LIKELY_PROJECT_AUTHORED,license-marker:CC; local text/code; no external URL detected
CHANGELOG_v4_3_52.md,.md,426,LIKELY_PROJECT_AUTHORED,local text/code; no external URL detected
CHANGELOG_v4_6_2.md,.md,200,LIKELY_PROJECT_AUTHORED,local text/code; no external URL detected
quran.js,.js,16963,REVIEW_EXTERNAL_REFERENCES,4 external URL(s)
sophies-world-reader.html,.html,2451,REVIEW_EXTERNAL_REFERENCES,1 external URL(s); rights/license wording detected
TEST_REPORT_v4_3_71_MAP_RELIABILITY.md,.md,939,LIKELY_PROJECT_AUTHORED,local text/code; no external URL detected
bahai.html,.html,9704,REVIEW_EXTERNAL_REFERENCES,2 external URL(s)
meditations-reader.html,.html,2410,REVIEW_EXTERNAL_REFERENCES,1 external URL(s); rights/license wording detected
CHANGELOG_v4_5_0.md,.md,550,LIKELY_PROJECT_AUTHORED,local text/code; no external URL detected
CHANGELOG_v4_8_0.md,.md,458,LIKELY_PROJECT_AUTHORED,local text/code; no external URL detected
CHANGELOG_v4_3_50.md,.md,665,LIKELY_PROJECT_AUTHORED,local text/code; no external URL detected
CHANGELOG_v4_3_68.md,.md,670,LIKELY_PROJECT_AUTHORED,local text/code; no external URL detected
CHANGELOG_v4_3_60.md,.md,620,LIKELY_PROJECT_AUTHORED,local text/code; no external URL detected
chaam-midwives.html,.html,35767,REVIEW_EXTERNAL_REFERENCES,22 external URL(s)
guru-granth.html,.html,9066,REVIEW_EXTERNAL_REFERENCES,2 external URL(s)
verwithagen-erasmus.html,.html,14991,REVIEW_EXTERNAL_REFERENCES,20 external URL(s)
complete-sacred-reader.css,.css,2275,LIKELY_PROJECT_AUTHORED,local text/code; no external URL detected
research-report.css,.css,369,LIKELY_PROJECT_AUTHORED,local text/code; no external URL detected
knowledge-graph.html,.html,5117,LIKELY_PROJECT_AUTHORED,local text/code; no external URL detected
red-heifer.css,.css,1431,LIKELY_PROJECT_AUTHORED,local text/code; no external URL detected
hallaj.html,.html,14095,REVIEW_EXTERNAL_REFERENCES,4 external URL(s)
TEST_REPORT_v4_8_0.md,.md,184,LIKELY_PROJECT_AUTHORED,local text/code; no external URL detected
luxdot-research-standard-preview.css,.css,499,LIKELY_PROJECT_AUTHORED,local text/code; no external URL detected
messianic-names-numbers-atlas.html,.html,28464,LIKELY_PROJECT_AUTHORED,local text/code; no external URL detected
kevelaer-chaam-timeline.html,.html,15331,REVIEW_EXTERNAL_REFERENCES,16 external URL(s)
luxdot-philosophy.html,.html,6862,LIKELY_PROJECT_AUTHORED,local text/code; no external URL detected
hikma-i18n-v43108.js,.js,6438,LIKELY_PROJECT_AUTHORED,local text/code; no external URL detected; rights/license wording detected
daily-identity.js,.js,175757,REVIEW_EXTERNAL_REFERENCES,61 external URL(s); rights/license wording detected
research-static-i18n.js,.js,96572,LIKELY_PROJECT_AUTHORED,local text/code; no external URL detected
source-reader-v2.js,.js,7370,LIKELY_PROJECT_AUTHORED,local text/code; no external URL detected
CHANGELOG_v4_14_11.md,.md,218,LIKELY_PROJECT_AUTHORED,local text/code; no external URL detected
muqaddimah-reader.html,.html,2400,REVIEW_EXTERNAL_REFERENCES,1 external URL(s); rights/license wording detected
CHANGELOG_v4_3_112.md,.md,473,LIKELY_PROJECT_AUTHORED,local text/code; no external URL detected
research-graph.js,.js,173640,REVIEW_EXTERNAL_REFERENCES,8 external URL(s)
kees-van-wanrooij-i18n.js,.js,9925,REVIEW_EXTERNAL_REFERENCES,12 external URL(s)
sacred-120km-network.html,.html,30063,LIKELY_PROJECT_AUTHORED,local text/code; no external URL detected
CHANGELOG_v4_14_3.md,.md,990,LIKELY_PROJECT_AUTHORED,local text/code; no external URL detected
what-is-luxdot.html,.html,7122,LIKELY_PROJECT_AUTHORED,local text/code; no external URL detected
CHANGELOG_v4_14_9.md,.md,532,LIKELY_PROJECT_AUTHORED,local text/code; no external URL detected
CHANGELOG_v4_7_0.md,.md,164,LIKELY_PROJECT_AUTHORED,local text/code; no external URL detected
TEST_REPORT_v4_3_29.md,.md,1439,LIKELY_PROJECT_AUTHORED,local text/code; no external URL detected
CHANGELOG_v4_3_1.md,.md,671,LIKELY_PROJECT_AUTHORED,local text/code; no external URL detected
guardian-benefactor.html,.html,9710,LIKELY_PROJECT_AUTHORED,local text/code; no external URL detected
CHANGELOG_v4_5_1.md,.md,423,LIKELY_PROJECT_AUTHORED,local text/code; no external URL detected; rights/license wording detected
savior-atlas.js,.js,75995,REVIEW_EXTERNAL_REFERENCES,license-marker:MIT; 1 external URL(s)
serat-centhini.html,.html,7246,REVIEW_EXTERNAL_REFERENCES,2 external URL(s)
research-views-v4.css,.css,10411,LIKELY_PROJECT_AUTHORED,local text/code; no external URL detected
memory-flags.css,.css,696,LIKELY_PROJECT_AUTHORED,local text/code; no external URL detected
CHANGELOG_v4_3_6.md,.md,628,LIKELY_PROJECT_AUTHORED,local text/code; no external URL detected
CHANGELOG_v4_3_49.md,.md,534,LIKELY_PROJECT_AUTHORED,local text/code; no external URL detected
TEST_REPORT_v2_9_4.md,.md,702,LIKELY_PROJECT_AUTHORED,local text/code; no external URL detected
hurufism-fazlallah-nasimi.html,.html,4706,REVIEW_EXTERNAL_REFERENCES,2 external URL(s)
hank-raamsdonk-war-memory.html,.html,11582,REVIEW_EXTERNAL_REFERENCES,5 external URL(s)
chaam-genealogy.css,.css,2777,LIKELY_PROJECT_AUTHORED,local text/code; no external URL detected
ARABIC_SURFACE_AUDIT_v4_16_1.md,.md,431,LIKELY_PROJECT_AUTHORED,local text/code; no external URL detected
QA_REPORT_v4_16_0.md,.md,183,LIKELY_PROJECT_AUTHORED,local text/code; no external URL detected
CHANGELOG_v4_3_126.md,.md,468,LIKELY_PROJECT_AUTHORED,local text/code; no external URL detected
CHANGELOG_v4_3_9.md,.md,704,LIKELY_PROJECT_AUTHORED,local text/code; no external URL detected
avesta.html,.html,7195,REVIEW_EXTERNAL_REFERENCES,2 external URL(s)
CHANGELOG_v4_14_0.md,.md,890,LIKELY_PROJECT_AUTHORED,local text/code; no external URL detected
TEST_REPORT_v4_3_73_TARGETED_REPAIR.md,.md,750,LIKELY_PROJECT_AUTHORED,local text/code; no external URL detected
chosen-balance.html,.html,5601,LIKELY_PROJECT_AUTHORED,local text/code; no external URL detected
values-data.js,.js,5126,LIKELY_PROJECT_AUTHORED,local text/code; no external URL detected
st-bartholomew-memory.html,.html,12946,REVIEW_EXTERNAL_REFERENCES,3 external URL(s)
TEST_REPORT_v4_3_83.md,.md,19,LIKELY_PROJECT_AUTHORED,local text/code; no external URL detected
world-calendar.html,.html,9161,LIKELY_PROJECT_AUTHORED,local text/code; no external URL detected
CHANGELOG_v4_3_45.md,.md,580,LIKELY_PROJECT_AUTHORED,local text/code; no external URL detected
shaam-breda.html,.html,6340,LIKELY_PROJECT_AUTHORED,local text/code; no external URL detected
VERSION_MEMORY_DOSSIERS_4_3_89.txt,.txt,159,LIKELY_PROJECT_AUTHORED,local text/code; no external URL detected
TEST_REPORT_v4_7_0.md,.md,227,LIKELY_PROJECT_AUTHORED,local text/code; no external URL detected
TEST_REPORT_v4_3_69_LANGUAGE_ROUTING.md,.md,543,LIKELY_PROJECT_AUTHORED,local text/code; no external URL detected
CHANGELOG_v2_9_4.md,.md,806,LIKELY_PROJECT_AUTHORED,local text/code; no external URL detected
laws-principles-atlas.html,.html,13219,REVIEW_EXTERNAL_REFERENCES,5 external URL(s)
CHANGELOG_v4_3_71.md,.md,662,LIKELY_PROJECT_AUTHORED,local text/code; no external URL detected
timeline.html,.html,4194,LIKELY_PROJECT_AUTHORED,local text/code; no external URL detected
luxdot-header-v43108.css,.css,6407,REVIEW_EXTERNAL_REFERENCES,1 external URL(s)
projects-i18n.js,.js,4722,LIKELY_PROJECT_AUTHORED,local text/code; no external URL detected
CHANGELOG_v4_3_53.md,.md,581,LIKELY_PROJECT_AUTHORED,local text/code; no external URL detected
source-inventory.json,.json,152352,REVIEW_EXTERNAL_REFERENCES,949 external URL(s)
CHANGELOG_v4_14_2.md,.md,964,LIKELY_PROJECT_AUTHORED,local text/code; no external URL detected
CHANGELOG_v4_3_37.md,.md,400,LIKELY_PROJECT_AUTHORED,local text/code; no external URL detected
TEST_REPORT_v4_3_121.md,.md,253,LIKELY_PROJECT_AUTHORED,local text/code; no external URL detected
sabbatai-nathan-test.html,.html,4312,LIKELY_PROJECT_AUTHORED,local text/code; no external URL detected
CHANGELOG_v4_14_6.md,.md,413,LIKELY_PROJECT_AUTHORED,local text/code; no external URL detected
TEST_REPORT_v4_9_0.md,.md,395,LIKELY_PROJECT_AUTHORED,local text/code; no external URL detected
TEST_REPORT_v4_10_0.md,.md,206,LIKELY_PROJECT_AUTHORED,local text/code; no external URL detected
jewish-research-page.js,.js,3252,LIKELY_PROJECT_AUTHORED,local text/code; no external URL detected
karamazov-reader.html,.html,2473,REVIEW_EXTERNAL_REFERENCES,1 external URL(s); rights/license wording detected
TEST_REPORT_v4_3_116.md,.md,88,LIKELY_PROJECT_AUTHORED,local text/code; no external URL detected
CHANGELOG_v4_11_0.md,.md,1011,LIKELY_PROJECT_AUTHORED,local text/code; no external URL detected
build-meta.json,.json,6163,LIKELY_PROJECT_AUTHORED,local text/code; no external URL detected
CHANGELOG_v4_3_109.md,.md,758,LIKELY_PROJECT_AUTHORED,local text/code; no external URL detected
CHANGELOG_v4_3_38.md,.md,589,LIKELY_PROJECT_AUTHORED,local text/code; no external URL detected
ibn-arabi-abulafia-comparison.html,.html,7991,REVIEW_EXTERNAL_REFERENCES,3 external URL(s)
app.js,.js,75335,LIKELY_PROJECT_AUTHORED,local text/code; no external URL detected
CHANGELOG_v4_3_69.md,.md,408,LIKELY_PROJECT_AUTHORED,local text/code; no external URL detected
content-language-core.js,.js,4788,REVIEW_EXTERNAL_REFERENCES,license-marker:MIT; 1 external URL(s)
TEST_REPORT_v4_3_14.md,.md,743,LIKELY_PROJECT_AUTHORED,local text/code; no external URL detected
.nojekyll,,0,REVIEW,unclassified file type
index.html,.html,4025,LIKELY_PROJECT_AUTHORED,local text/code; no external URL detected
TEST_REPORT_v4_3_112.md,.md,319,LIKELY_PROJECT_AUTHORED,local text/code; no external URL detected
burial-settlement-layers.html,.html,14209,REVIEW_EXTERNAL_REFERENCES,12 external URL(s)
sepharad-diaspora.html,.html,5699,REVIEW_EXTERNAL_REFERENCES,1 external URL(s)
CHANGELOG_v2_9_9.md,.md,527,LIKELY_PROJECT_AUTHORED,local text/code; no external URL detected
suluk-java.html,.html,6104,REVIEW_EXTERNAL_REFERENCES,2 external URL(s)
CHANGELOG_v4_3_61.md,.md,580,LIKELY_PROJECT_AUTHORED,local text/code; no external URL detected; rights/license wording detected
research-sky-interaction-v4160.js,.js,2117,LIKELY_PROJECT_AUTHORED,local text/code; no external URL detected
CHANGELOG_v4_3_12.md,.md,1028,LIKELY_PROJECT_AUTHORED,local text/code; no external URL detected
CHANGELOG_v4_3_48.md,.md,374,LIKELY_PROJECT_AUTHORED,local text/code; no external URL detected
CHANGELOG_v4_3_86.md,.md,560,LIKELY_PROJECT_AUTHORED,local text/code; no external URL detected
LUXDOT_INFORMATION_ARCHITECTURE_v4_4_1.md,.md,1138,LIKELY_PROJECT_AUTHORED,local text/code; no external URL detected
TEST_REPORT_v4_3_44.md,.md,564,LIKELY_PROJECT_AUTHORED,local text/code; no external URL detected
humanity.html,.html,25805,LIKELY_PROJECT_AUTHORED,local text/code; no external URL detected
van-velthoven-family.html,.html,13956,REVIEW_EXTERNAL_REFERENCES,25 external URL(s)
complete-sacred-reader.js,.js,5310,REVIEW_EXTERNAL_REFERENCES,2 external URL(s)
CHANGELOG_v4_2_0.md,.md,1123,LIKELY_PROJECT_AUTHORED,local text/code; no external URL detected
witness-v412.css,.css,3414,LIKELY_PROJECT_AUTHORED,local text/code; no external URL detected
WITNESS_BACKEND_BLUEPRINT.md,.md,1045,LIKELY_PROJECT_AUTHORED,local text/code; no external URL detected
african-association.html,.html,20949,REVIEW_EXTERNAL_REFERENCES,5 external URL(s)
VERSION_RESEARCH_SKY.txt,.txt,54,LIKELY_PROJECT_AUTHORED,local text/code; no external URL detected
LUXDOT_PULSE_CLOUDFLARE_SETUP.txt,.txt,913,LIKELY_PROJECT_AUTHORED,local text/code; no external URL detected
TEST_REPORT_v2_9_1.md,.md,4220,LIKELY_PROJECT_AUTHORED,local text/code; no external URL detected
everyday-good.html,.html,16098,REVIEW_EXTERNAL_REFERENCES,8 external URL(s)
values.html,.html,4271,LIKELY_PROJECT_AUTHORED,local text/code; no external URL detected
five-lang-site.js,.js,123,LIKELY_PROJECT_AUTHORED,local text/code; no external URL detected
CHANGELOG_v4_6_1.md,.md,136,LIKELY_PROJECT_AUTHORED,local text/code; no external URL detected; rights/license wording detected
alphen-before-alphen.html,.html,4696,LIKELY_PROJECT_AUTHORED,local text/code; no external URL detected
savior-deepening.html,.html,27680,REVIEW_EXTERNAL_REFERENCES,26 external URL(s)
intro.css,.css,10510,REVIEW_EXTERNAL_REFERENCES,1 external URL(s)
alawi-nusayri-research.html,.html,20695,REVIEW_EXTERNAL_REFERENCES,8 external URL(s)
number-letter-lab.html,.html,11489,LIKELY_PROJECT_AUTHORED,local text/code; no external URL detected
research-report.js,.js,6560,LIKELY_PROJECT_AUTHORED,local text/code; no external URL detected
visual-library.html,.html,5103,REVIEW_EXTERNAL_REFERENCES,2 external URL(s)
search-index.json,.json,368467,LIKELY_PROJECT_AUTHORED,license-marker:CC; local text/code; no external URL detected; rights/license wording detected
brabant-research-architecture.html,.html,18254,REVIEW_EXTERNAL_REFERENCES,5 external URL(s)
TEST_REPORT_v4_3_6.md,.md,857,LIKELY_PROJECT_AUTHORED,local text/code; no external URL detected
willibrord-echternach.html,.html,24199,REVIEW_EXTERNAL_REFERENCES,14 external URL(s)
CHANGELOG_v4_16_3.md,.md,650,LIKELY_PROJECT_AUTHORED,license-marker:AGPL; license-marker:CC; local text/code; no external URL detected; rights/license wording detected
memory-flags.js,.js,998,REVIEW_EXTERNAL_REFERENCES,1 external URL(s)
README.txt,.txt,841,LIKELY_PROJECT_AUTHORED,local text/code; no external URL detected
denhaag-deportation-memory.html,.html,7941,REVIEW_EXTERNAL_REFERENCES,1 external URL(s)
maimonides-letters-numbers.html,.html,7881,REVIEW_EXTERNAL_REFERENCES,3 external URL(s)
CHANGELOG_v4_3_19.md,.md,450,LIKELY_PROJECT_AUTHORED,local text/code; no external URL detected
fusus-reader.html,.html,2413,REVIEW_EXTERNAL_REFERENCES,1 external URL(s); rights/license wording detected
hebrew-research-overlay.js,.js,14531,LIKELY_PROJECT_AUTHORED,local text/code; no external URL detected
platform-v43.css,.css,4203,REVIEW_EXTERNAL_REFERENCES,1 external URL(s)
deportation-memory.html,.html,8194,REVIEW_EXTERNAL_REFERENCES,2 external URL(s)
TEST_REPORT_v4_3_74_LANGUAGE_MEMORY_JAVA_RECOVERY.md,.md,1100,LIKELY_PROJECT_AUTHORED,local text/code; no external URL detected
CHANGELOG_v4_14_10.md,.md,629,LIKELY_PROJECT_AUTHORED,local text/code; no external URL detected
hendrick-busman.html,.html,22241,LIKELY_PROJECT_AUTHORED,local text/code; no external URL detected
CHANGELOG_v4_3_34.md,.md,987,LIKELY_PROJECT_AUTHORED,local text/code; no external URL detected
burckhardt.html,.html,23494,REVIEW_EXTERNAL_REFERENCES,5 external URL(s)
genealogy-reader.html,.html,2541,REVIEW_EXTERNAL_REFERENCES,1 external URL(s); rights/license wording detected
CHANGELOG_v4_3_32.md,.md,477,LIKELY_PROJECT_AUTHORED,local text/code; no external URL detected
grote-kerk-north-transept.html,.html,11902,REVIEW_EXTERNAL_REFERENCES,25 external URL(s)
shaam-brabant-network.html,.html,40583,REVIEW_EXTERNAL_REFERENCES,6 external URL(s)
CHANGELOG_v2_9_2.md,.md,790,LIKELY_PROJECT_AUTHORED,local text/code; no external URL detected
manuaal-1422-people-land.html,.html,16022,REVIEW_EXTERNAL_REFERENCES,11 external URL(s)
jan-van-velthoven.html,.html,11737,REVIEW_EXTERNAL_REFERENCES,15 external URL(s)
nusantara.html,.html,8340,REVIEW_EXTERNAL_REFERENCES,6 external URL(s)
arabic-polish.css,.css,5749,REVIEW_EXTERNAL_REFERENCES,1 external URL(s)
CHANGELOG_v4_3_91.md,.md,545,LIKELY_PROJECT_AUTHORED,local text/code; no external URL detected
CHANGELOG_v4_6_0.md,.md,602,LIKELY_PROJECT_AUTHORED,local text/code; no external URL detected
TEST_REPORT_v2_9_7.md,.md,1426,LIKELY_PROJECT_AUTHORED,local text/code; no external URL detected
red-heifer.js,.js,15294,REVIEW_EXTERNAL_REFERENCES,6 external URL(s)
CHANGELOG_v4_3_57.md,.md,1158,LIKELY_PROJECT_AUTHORED,license-marker:CC; local text/code; no external URL detected
maximilian-kolbe.html,.html,16693,REVIEW_EXTERNAL_REFERENCES,6 external URL(s)
tanakh.html,.html,8007,REVIEW_EXTERNAL_REFERENCES,10 external URL(s); rights/license wording detected
CHANGELOG_v4_4_2.md,.md,483,LIKELY_PROJECT_AUTHORED,local text/code; no external URL detected
CHANGELOG_v4_3_83.md,.md,279,LIKELY_PROJECT_AUTHORED,local text/code; no external URL detected
TEST_REPORT_v4_3_82.md,.md,26,LIKELY_PROJECT_AUTHORED,local text/code; no external URL detected
sephardic-halakha.html,.html,5496,REVIEW_EXTERNAL_REFERENCES,license-marker:CC; 4 external URL(s)
belief-violence-memory.html,.html,30579,REVIEW_EXTERNAL_REFERENCES,6 external URL(s)
CHANGELOG_v4_3_113.md,.md,580,LIKELY_PROJECT_AUTHORED,local text/code; no external URL detected
jafr-ilm-huruf.html,.html,5390,REVIEW_EXTERNAL_REFERENCES,2 external URL(s)
CHANGELOG_v4_3_104.md,.md,630,LIKELY_PROJECT_AUTHORED,local text/code; no external URL detected
luxdot-research-experience-v4150.js,.js,11072,LIKELY_PROJECT_AUTHORED,local text/code; no external URL detected
withagen-van-den-boom.html,.html,13300,REVIEW_EXTERNAL_REFERENCES,15 external URL(s)
hikma-reader.html,.html,10236,LIKELY_PROJECT_AUTHORED,local text/code; no external URL detected
TEST_REPORT_v4_0_0.md,.md,1195,LIKELY_PROJECT_AUTHORED,local text/code; no external URL detected
analytics-config.js,.js,311,LIKELY_PROJECT_AUTHORED,local text/code; no external URL detected
history-galaxy.html,.html,3706,LIKELY_PROJECT_AUTHORED,local text/code; no external URL detected
historic-brabant-crossborder.html,.html,23589,REVIEW_EXTERNAL_REFERENCES,19 external URL(s)
media.html,.html,4793,LIKELY_PROJECT_AUTHORED,local text/code; no external URL detected
CHANGELOG_v4_3_78.md,.md,387,LIKELY_PROJECT_AUTHORED,local text/code; no external URL detected
LUXDOT_MASTER_BACKLOG.md,.md,8319,LIKELY_PROJECT_AUTHORED,license-marker:AGPL; license-marker:CC; local text/code; no external URL detected; rights/license wording detected
CHANGELOG_v4_3_117.md,.md,439,LIKELY_PROJECT_AUTHORED,local text/code; no external URL detected
TEST_REPORT_v4_3_109.md,.md,711,LIKELY_PROJECT_AUTHORED,local text/code; no external URL detected
abulafia-letters-names.html,.html,8024,REVIEW_EXTERNAL_REFERENCES,3 external URL(s)
CHANGELOG_v4_3_93.md,.md,709,LIKELY_PROJECT_AUTHORED,local text/code; no external URL detected
TEST_REPORT_v4_3_114.md,.md,63,LIKELY_PROJECT_AUTHORED,local text/code; no external URL detected
CHANGELOG_v4_3_27.md,.md,139,LIKELY_PROJECT_AUTHORED,local text/code; no external URL detected
CHANGELOG_v4_3_80.md,.md,420,LIKELY_PROJECT_AUTHORED,local text/code; no external URL detected
CHANGELOG_v4_3_59.md,.md,670,LIKELY_PROJECT_AUTHORED,local text/code; no external URL detected
CHANGELOG_v4_14_8.md,.md,560,LIKELY_PROJECT_AUTHORED,local text/code; no external URL detected
luxdot-typography-v41416.css,.css,2081,LIKELY_PROJECT_AUTHORED,local text/code; no external URL detected
gita.html,.html,2232,REVIEW_EXTERNAL_REFERENCES,2 external URL(s)
CHANGELOG_v4_3_18.md,.md,761,LIKELY_PROJECT_AUTHORED,local text/code; no external URL detected
CHANGELOG_v3_0_0.md,.md,599,LIKELY_PROJECT_AUTHORED,local text/code; no external URL detected
CHANGELOG_v4_3_121.md,.md,480,LIKELY_PROJECT_AUTHORED,local text/code; no external URL detected
TEST_REPORT_v4_3_77_MULTILINGUAL_IDENTITY_MEDIA_QA.md,.md,1944,LIKELY_PROJECT_AUTHORED,local text/code; no external URL detected
1127-watch.html,.html,17501,REVIEW_EXTERNAL_REFERENCES,4 external URL(s)
druze-hikma.html,.html,36578,REVIEW_EXTERNAL_REFERENCES,license-marker:CC; 9 external URL(s)
TEST_REPORT_v4_11_0.md,.md,270,LIKELY_PROJECT_AUTHORED,local text/code; no external URL detected
faith-i18n-v2.js,.js,10798,LIKELY_PROJECT_AUTHORED,local text/code; no external URL detected
audiovisual.html,.html,5432,REVIEW_EXTERNAL_REFERENCES,2 external URL(s)
PAGE_TEMPLATE_MULTILINGUAL.html,.html,1192,LIKELY_PROJECT_AUTHORED,local text/code; no external URL detected
CHANGELOG_v4_3_33.md,.md,463,LIKELY_PROJECT_AUTHORED,local text/code; no external URL detected
border-chapels-route.html,.html,15435,REVIEW_EXTERNAL_REFERENCES,15 external URL(s)
CHANGELOG_v4_3_108.md,.md,1079,LIKELY_PROJECT_AUTHORED,local text/code; no external URL detected
CHANGELOG_v4_3_40.md,.md,527,LIKELY_PROJECT_AUTHORED,local text/code; no external URL detected
luxdot-arabic-ui.css,.css,18548,LIKELY_PROJECT_AUTHORED,local text/code; no external URL detected
research-views-v3.css,.css,6408,LIKELY_PROJECT_AUTHORED,local text/code; no external URL detected
analects.html,.html,7309,REVIEW_EXTERNAL_REFERENCES,2 external URL(s)
analytics.js,.js,1637,REVIEW_EXTERNAL_REFERENCES,2 external URL(s)
CHANGELOG_v4_3_15.md,.md,1181,LIKELY_PROJECT_AUTHORED,local text/code; no external URL detected
CHANGELOG_v4_3_17.md,.md,391,LIKELY_PROJECT_AUTHORED,local text/code; no external URL detected
CHANGELOG_v4_14_12.md,.md,422,LIKELY_PROJECT_AUTHORED,local text/code; no external URL detected
CHANGELOG_v4_3_4.md,.md,483,LIKELY_PROJECT_AUTHORED,local text/code; no external URL detected
buddhist.html,.html,2299,REVIEW_EXTERNAL_REFERENCES,2 external URL(s)
TEST_REPORT_v4_3_115.md,.md,786,LIKELY_PROJECT_AUTHORED,local text/code; no external URL detected
CHANGELOG_v4_3_111.md,.md,553,LIKELY_PROJECT_AUTHORED,local text/code; no external URL detected
research-media.css,.css,3032,LIKELY_PROJECT_AUTHORED,local text/code; no external URL detected
VERSION.txt,.txt,7,LIKELY_PROJECT_AUTHORED,local text/code; no external URL detected
library-i18n.js,.js,4185,LIKELY_PROJECT_AUTHORED,local text/code; no external URL detected
jewish-source-ladder.html,.html,6188,REVIEW_EXTERNAL_REFERENCES,2 external URL(s)
shaam-breda.css,.css,12584,LIKELY_PROJECT_AUTHORED,local text/code; no external URL detected
pet-goat-apocalypse-media.html,.html,78636,REVIEW_EXTERNAL_REFERENCES,48 external URL(s)
luxdot-arabic-ui.js,.js,23782,REVIEW_EXTERNAL_REFERENCES,4 external URL(s)
reiderland-live.html,.html,31880,REVIEW_EXTERNAL_REFERENCES,6 external URL(s)
thijs-loss-consolation.html,.html,9886,REVIEW_EXTERNAL_REFERENCES,10 external URL(s)
name-truth-memory.html,.html,8200,REVIEW_EXTERNAL_REFERENCES,3 external URL(s)
CHANGELOG_v4_9_0.md,.md,1037,LIKELY_PROJECT_AUTHORED,local text/code; no external URL detected
science-galaxy.html,.html,3075,LIKELY_PROJECT_AUTHORED,local text/code; no external URL detected
indies-memory.html,.html,8800,REVIEW_EXTERNAL_REFERENCES,3 external URL(s)
chaam-genealogy.html,.html,6795,REVIEW_EXTERNAL_REFERENCES,8 external URL(s)
source-reader-v2.css,.css,3211,LIKELY_PROJECT_AUTHORED,local text/code; no external URL detected
CHANGELOG_v4_3_64.md,.md,547,LIKELY_PROJECT_AUTHORED,local text/code; no external URL detected
CHANGELOG_v4_3_2.md,.md,540,LIKELY_PROJECT_AUTHORED,local text/code; no external URL detected
memory.css,.css,18319,LIKELY_PROJECT_AUTHORED,local text/code; no external URL detected
library.html,.html,20572,REVIEW_EXTERNAL_REFERENCES,22 external URL(s)
CHANGELOG_v4_14_15.md,.md,449,LIKELY_PROJECT_AUTHORED,local text/code; no external URL detected
TEST_REPORT_v4_3_86.md,.md,682,LIKELY_PROJECT_AUTHORED,local text/code; no external URL detected
ismaili-qaim-mahdi.html,.html,27126,REVIEW_EXTERNAL_REFERENCES,17 external URL(s)
maimonides.html,.html,7352,REVIEW_EXTERNAL_REFERENCES,2 external URL(s)
VERSION_MEMORY_DOSSIERS_4_3_88.txt,.txt,122,LIKELY_PROJECT_AUTHORED,local text/code; no external URL detected
CHANGELOG_v4_3_101.md,.md,615,LIKELY_PROJECT_AUTHORED,local text/code; no external URL detected
war-reconstruction-memory.html,.html,15637,REVIEW_EXTERNAL_REFERENCES,15 external URL(s)
CHANGELOG_v4_3_44.md,.md,637,LIKELY_PROJECT_AUTHORED,local text/code; no external URL detected
CHANGELOG_v4_3_13.md,.md,832,LIKELY_PROJECT_AUTHORED,local text/code; no external URL detected
CHANGELOG_v4_3_39.md,.md,180,LIKELY_PROJECT_AUTHORED,local text/code; no external URL detected
media-news.js,.js,13901,LIKELY_PROJECT_AUTHORED,license-marker:MIT; local text/code; no external URL detected
genetics-memory-hypothesis.html,.html,5070,REVIEW_EXTERNAL_REFERENCES,2 external URL(s)
CHANGELOG_v4_3_122.md,.md,585,LIKELY_PROJECT_AUTHORED,local text/code; no external URL detected
TEST_REPORT_v4_3_5.md,.md,564,LIKELY_PROJECT_AUTHORED,local text/code; no external URL detected
CHANGELOG_v4_3_94.md,.md,340,LIKELY_PROJECT_AUTHORED,local text/code; no external URL detected
sacred-25km-atlas.css,.css,4039,LIKELY_PROJECT_AUTHORED,local text/code; no external URL detected
slave-trade-remembrance.html,.html,6155,LIKELY_PROJECT_AUTHORED,local text/code; no external URL detected
frontier-research.css,.css,1415,LIKELY_PROJECT_AUTHORED,local text/code; no external URL detected
research-views-v4.js,.js,21377,REVIEW_EXTERNAL_REFERENCES,1 external URL(s)
psychoactive-substances.html,.html,5144,REVIEW_EXTERNAL_REFERENCES,2 external URL(s)
CHANGELOG_v4_6_3.md,.md,581,LIKELY_PROJECT_AUTHORED,local text/code; no external URL detected
TEST_REPORT_v4_1_0.md,.md,989,LIKELY_PROJECT_AUTHORED,local text/code; no external URL detected
intro.js,.js,12042,LIKELY_PROJECT_AUTHORED,local text/code; no external URL detected
quantum-entanglement.html,.html,3929,REVIEW_EXTERNAL_REFERENCES,2 external URL(s)
CHANGELOG_v4_3_58.md,.md,700,LIKELY_PROJECT_AUTHORED,local text/code; no external URL detected
saint-genis-memory.html,.html,15918,REVIEW_EXTERNAL_REFERENCES,license-marker:CC; 3 external URL(s)
live-development.js,.js,4411,REVIEW_EXTERNAL_REFERENCES,2 external URL(s)
sacred-25km-atlas.html,.html,1210,LIKELY_PROJECT_AUTHORED,local text/code; no external URL detected
CHANGELOG_v4_3_82.md,.md,452,LIKELY_PROJECT_AUTHORED,local text/code; no external URL detected
westerweel-memory.html,.html,8434,REVIEW_EXTERNAL_REFERENCES,3 external URL(s)
CHANGELOG_v4_3_96.md,.md,317,LIKELY_PROJECT_AUTHORED,local text/code; no external URL detected
CHANGELOG_v4_1_1.md,.md,561,LIKELY_PROJECT_AUTHORED,local text/code; no external URL detected
CHANGELOG_v4_3_30.md,.md,596,LIKELY_PROJECT_AUTHORED,local text/code; no external URL detected
egyptology.html,.html,2321,LIKELY_PROJECT_AUTHORED,local text/code; no external URL detected
README-INTEGRATION.txt,.txt,471,LIKELY_PROJECT_AUTHORED,local text/code; no external URL detected
TEST_REPORT_v4_3_63.md,.md,2053,LIKELY_PROJECT_AUTHORED,local text/code; no external URL detected
kakawin-ramayana.html,.html,5956,REVIEW_EXTERNAL_REFERENCES,2 external URL(s)
praxis.js,.js,33155,LIKELY_PROJECT_AUTHORED,local text/code; no external URL detected
library-active-i18n.js,.js,12933,LIKELY_PROJECT_AUTHORED,local text/code; no external URL detected
TEST_REPORT_v4_3_15.md,.md,1254,LIKELY_PROJECT_AUTHORED,local text/code; no external URL detected
CHANGELOG_v4_3_20.md,.md,588,LIKELY_PROJECT_AUTHORED,local text/code; no external URL detected
knowledge-laws-galaxy.html,.html,3355,LIKELY_PROJECT_AUTHORED,local text/code; no external URL detected
media-library.css,.css,1021,LIKELY_PROJECT_AUTHORED,local text/code; no external URL detected
ovadia-yosef.html,.html,5707,REVIEW_EXTERNAL_REFERENCES,license-marker:CC; 2 external URL(s)
luxdot-radio.css,.css,2442,LIKELY_PROJECT_AUTHORED,local text/code; no external URL detected
jain.html,.html,7637,REVIEW_EXTERNAL_REFERENCES,2 external URL(s)
CHANGELOG_v4_3_79.md,.md,837,LIKELY_PROJECT_AUTHORED,local text/code; no external URL detected
brabant-network-context.js,.js,2230,LIKELY_PROJECT_AUTHORED,local text/code; no external URL detected
CHANGELOG_v4_3_29.md,.md,923,LIKELY_PROJECT_AUTHORED,local text/code; no external URL detected
LANGUAGE_LEGACY_BASELINE.json,.json,2678,LIKELY_PROJECT_AUTHORED,local text/code; no external URL detected
shaam-breda.js,.js,39960,REVIEW_EXTERNAL_REFERENCES,21 external URL(s)
TEST_REPORT_v4_3_125.md,.md,436,LIKELY_PROJECT_AUTHORED,local text/code; no external URL detected
knowledge-graph.json,.json,113370,LIKELY_PROJECT_AUTHORED,local text/code; no external URL detected
TEST_REPORT_v4_3_0.md,.md,2445,LIKELY_PROJECT_AUTHORED,local text/code; no external URL detected
CHANGELOG_v4_14_4.md,.md,474,LIKELY_PROJECT_AUTHORED,local text/code; no external URL detected
home.html,.html,8785,LIKELY_PROJECT_AUTHORED,local text/code; no external URL detected
CHANGELOG_v4_3_11.md,.md,593,LIKELY_PROJECT_AUTHORED,local text/code; no external URL detected
CHANGELOG_v2_9_3.md,.md,1027,LIKELY_PROJECT_AUTHORED,local text/code; no external URL detected
CHANGELOG_v4_3_106.md,.md,772,LIKELY_PROJECT_AUTHORED,local text/code; no external URL detected
gematria-method-lab.html,.html,7925,REVIEW_EXTERNAL_REFERENCES,3 external URL(s)
luxdot-research-experience-v4150.css,.css,2442,LIKELY_PROJECT_AUTHORED,local text/code; no external URL detected
TEST_REPORT_v4_3_9.md,.md,1919,LIKELY_PROJECT_AUTHORED,local text/code; no external URL detected
TEST_REPORT_v4_3_97_RESEARCH_LANGUAGE_QA.md,.md,3217,LIKELY_PROJECT_AUTHORED,local text/code; no external URL detected
edith-stein.html,.html,23684,REVIEW_EXTERNAL_REFERENCES,license-marker:CC; 7 external URL(s); rights/license wording detected
development-live.html,.html,2465,LIKELY_PROJECT_AUTHORED,local text/code; no external URL detected
alphen-before-alphen.js,.js,40912,REVIEW_EXTERNAL_REFERENCES,6 external URL(s)
QA_LANGUAGE_INTEGRITY.py,.py,1065,REVIEW,unclassified file type
withagen-jansen-dekoning.html,.html,13675,REVIEW_EXTERNAL_REFERENCES,15 external URL(s)
stazzema-memory.html,.html,8301,REVIEW_EXTERNAL_REFERENCES,2 external URL(s)
page-translations.js,.js,3540,LIKELY_PROJECT_AUTHORED,local text/code; no external URL detected
chosen-hypothesis.html,.html,11153,REVIEW_EXTERNAL_REFERENCES,5 external URL(s)
research-context.js,.js,4242,LIKELY_PROJECT_AUTHORED,local text/code; no external URL detected
luxdot-typography-density.js,.js,472,LIKELY_PROJECT_AUTHORED,local text/code; no external URL detected
TEST_REPORT_v4_3_28.md,.md,2338,LIKELY_PROJECT_AUTHORED,local text/code; no external URL detected
memory-submit.html,.html,718,LIKELY_PROJECT_AUTHORED,local text/code; no external URL detected
TEST_REPORT_v4_3_108.md,.md,1911,LIKELY_PROJECT_AUTHORED,local text/code; no external URL detected; rights/license wording detected
serat-wedhatama.html,.html,5939,REVIEW_EXTERNAL_REFERENCES,2 external URL(s)
CHANGELOG_v4_3_99.md,.md,144,LIKELY_PROJECT_AUTHORED,local text/code; no external URL detected
CHANGELOG_v4_3_119.md,.md,709,LIKELY_PROJECT_AUTHORED,local text/code; no external URL detected
janssen-family.html,.html,16644,REVIEW_EXTERNAL_REFERENCES,4 external URL(s)
chosen-dual.css,.css,2879,LIKELY_PROJECT_AUTHORED,local text/code; no external URL detected
calendar.html,.html,197134,REVIEW_EXTERNAL_REFERENCES,62 external URL(s); rights/license wording detected
TEST_REPORT_v4_3_123.md,.md,364,LIKELY_PROJECT_AUTHORED,local text/code; no external URL detected
luxdot-global-language.css,.css,967,REVIEW_EXTERNAL_REFERENCES,1 external URL(s)
TEST_REPORT_v4_3_107.md,.md,546,LIKELY_PROJECT_AUTHORED,local text/code; no external URL detected
CHANGELOG_v4_16_2.md,.md,658,LIKELY_PROJECT_AUTHORED,local text/code; no external URL detected
CHANGELOG_v4_3_73.md,.md,443,LIKELY_PROJECT_AUTHORED,local text/code; no external URL detected
new-testament.html,.html,6817,REVIEW_EXTERNAL_REFERENCES,10 external URL(s); rights/license wording detected
withagen-wwii.html,.html,13106,REVIEW_EXTERNAL_REFERENCES,20 external URL(s)
CHANGELOG_v4_3_35.md,.md,504,LIKELY_PROJECT_AUTHORED,local text/code; no external URL detected
alphen-before-alphen.css,.css,7870,LIKELY_PROJECT_AUTHORED,local text/code; no external URL detected
TEST_REPORT_v4_3_45.md,.md,674,LIKELY_PROJECT_AUTHORED,local text/code; no external URL detected
CHANGELOG_v4_12_0.md,.md,872,LIKELY_PROJECT_AUTHORED,local text/code; no external URL detected
ter-brake-cadastral-investigation.html,.html,17564,REVIEW_EXTERNAL_REFERENCES,9 external URL(s)
sacred-book.js,.js,3272,LIKELY_PROJECT_AUTHORED,local text/code; no external URL detected
humanitarian-day-memory.html,.html,15953,REVIEW_EXTERNAL_REFERENCES,3 external URL(s)
origin-reader.html,.html,2363,REVIEW_EXTERNAL_REFERENCES,1 external URL(s); rights/license wording detected
CHANGELOG_v4_3_28.md,.md,1044,LIKELY_PROJECT_AUTHORED,local text/code; no external URL detected
TEST_REPORT_v4_12_0.md,.md,338,LIKELY_PROJECT_AUTHORED,local text/code; no external URL detected
witness-stream.html,.html,1969,LIKELY_PROJECT_AUTHORED,local text/code; no external URL detected
deploy-marker.json,.json,168,LIKELY_PROJECT_AUTHORED,local text/code; no external URL detected
luria-vital-redemption.html,.html,4567,REVIEW_EXTERNAL_REFERENCES,1 external URL(s)
scientific-revolutions-reader.html,.html,2496,REVIEW_EXTERNAL_REFERENCES,1 external URL(s); rights/license wording detected
_headers,,316,REVIEW,unclassified file type
CHANGELOG_v4_3_62.md,.md,813,LIKELY_PROJECT_AUTHORED,local text/code; no external URL detected
CHANGELOG_v4_3_22.md,.md,273,LIKELY_PROJECT_AUTHORED,local text/code; no external URL detected
CHANGELOG_v4_3_36.md,.md,664,LIKELY_PROJECT_AUTHORED,local text/code; no external URL detected
chosen-falsification.html,.html,9296,REVIEW_EXTERNAL_REFERENCES,5 external URL(s)
witness-i18n.json,.json,36313,LIKELY_PROJECT_AUTHORED,license-marker:MIT; local text/code; no external URL detected
CHANGELOG_v4_3_116.md,.md,853,LIKELY_PROJECT_AUTHORED,local text/code; no external URL detected
TEST_REPORT_v4_3_113.md,.md,704,LIKELY_PROJECT_AUTHORED,local text/code; no external URL detected
polleke-mummy-cat.html,.html,11020,REVIEW_EXTERNAL_REFERENCES,10 external URL(s)
memory.html,.html,5128,REVIEW_EXTERNAL_REFERENCES,2 external URL(s)
TEST_REPORT_v4_13_0.md,.md,769,LIKELY_PROJECT_AUTHORED,local text/code; no external URL detected
luxdot-research-standard.schema.json,.json,3445,REVIEW_EXTERNAL_REFERENCES,2 external URL(s)
TEST_REPORT_v4_4_2.md,.md,281,LIKELY_PROJECT_AUTHORED,local text/code; no external URL detected
scripture-reader-v43108.css,.css,2014,LIKELY_PROJECT_AUTHORED,local text/code; no external URL detected
witness.html,.html,8051,REVIEW_EXTERNAL_REFERENCES,3 external URL(s)
CHANGELOG_v4_3_102.md,.md,620,LIKELY_PROJECT_AUTHORED,license-marker:CC; local text/code; no external URL detected; rights/license wording detected
CHANGELOG_v4_3_114.md,.md,576,LIKELY_PROJECT_AUTHORED,local text/code; no external URL detected
memory.js,.js,44753,REVIEW_EXTERNAL_REFERENCES,1 external URL(s)
CHANGELOG_v4_14_13.md,.md,380,LIKELY_PROJECT_AUTHORED,local text/code; no external URL detected
source-reader.js,.js,1180,LIKELY_PROJECT_AUTHORED,local text/code; no external URL detected
site-shell.js,.js,14676,LIKELY_PROJECT_AUTHORED,local text/code; no external URL detected
luxdot-ui-lock.css,.css,13135,REVIEW_EXTERNAL_REFERENCES,1 external URL(s)
CHANGELOG_v2_9_5.md,.md,2166,LIKELY_PROJECT_AUTHORED,local text/code; no external URL detected
praxis.html,.html,3542,LIKELY_PROJECT_AUTHORED,local text/code; no external URL detected
research-dossier.css,.css,1732,LIKELY_PROJECT_AUTHORED,local text/code; no external URL detected
TEST_REPORT_v4_3_99_LANGUAGE_CORE_REPAIR.md,.md,1738,LIKELY_PROJECT_AUTHORED,local text/code; no external URL detected
CHANGELOG_v4_3_65.md,.md,560,LIKELY_PROJECT_AUTHORED,local text/code; no external URL detected
laws-principles.css,.css,3805,LIKELY_PROJECT_AUTHORED,local text/code; no external URL detected
VERSION_MEMORY_SYMBOLS.txt,.txt,7,LIKELY_PROJECT_AUTHORED,local text/code; no external URL detected
I18N_COVERAGE_v4_3_115.md,.md,1165,LIKELY_PROJECT_AUTHORED,local text/code; no external URL detected
urania-nassau.html,.html,30803,REVIEW_EXTERNAL_REFERENCES,12 external URL(s)
humanity.js,.js,8252,LIKELY_PROJECT_AUTHORED,local text/code; no external URL detected
savior-atlas.html,.html,13028,LIKELY_PROJECT_AUTHORED,local text/code; no external URL detected
TEST_REPORT_v4_3_84.md,.md,19,LIKELY_PROJECT_AUTHORED,local text/code; no external URL detected
joseph-karo.html,.html,6276,REVIEW_EXTERNAL_REFERENCES,2 external URL(s)
laws-principles-i18n.js,.js,9672,LIKELY_PROJECT_AUTHORED,local text/code; no external URL detected
safed-kabbalah-messianism.html,.html,5821,REVIEW_EXTERNAL_REFERENCES,2 external URL(s)
TEST_REPORT_v4_6_0.md,.md,151,LIKELY_PROJECT_AUTHORED,local text/code; no external URL detected
CHANGELOG_v4_3_92.md,.md,730,LIKELY_PROJECT_AUTHORED,local text/code; no external URL detected
CHANGELOG_v4_3_84.md,.md,661,LIKELY_PROJECT_AUTHORED,local text/code; no external URL detected
CHANGELOG_v2_9_1.md,.md,1404,LIKELY_PROJECT_AUTHORED,local text/code; no external URL detected
ARABIC_MASTER_v2_9_1.md,.md,4037,LIKELY_PROJECT_AUTHORED,local text/code; no external URL detected
hoogstraten.html,.html,23805,REVIEW_EXTERNAL_REFERENCES,14 external URL(s)
CHANGELOG_v4_3_23.md,.md,661,LIKELY_PROJECT_AUTHORED,local text/code; no external URL detected
CHANGELOG_v4_3_8.md,.md,791,LIKELY_PROJECT_AUTHORED,local text/code; no external URL detected
TEST_REPORT_v4_3_122.md,.md,215,LIKELY_PROJECT_AUTHORED,local text/code; no external URL detected
reiderland-i18n.js,.js,33532,REVIEW_EXTERNAL_REFERENCES,18 external URL(s); rights/license wording detected
quran.html,.html,4186,LIKELY_PROJECT_AUTHORED,local text/code; no external URL detected
ghouta-chemical-memory.html,.html,20971,REVIEW_EXTERNAL_REFERENCES,7 external URL(s)
oosterhout-1422-people-land.html,.html,11981,REVIEW_EXTERNAL_REFERENCES,3 external URL(s)
guardian-benefactor-i18n.js,.js,10746,LIKELY_PROJECT_AUTHORED,local text/code; no external URL detected
memory-invite.js,.js,1006,LIKELY_PROJECT_AUTHORED,local text/code; no external URL detected
west-brabant-family-memory-network.html,.html,15771,REVIEW_EXTERNAL_REFERENCES,30 external URL(s)
CHANGELOG_v4_3_14.md,.md,1247,LIKELY_PROJECT_AUTHORED,local text/code; no external URL detected
humanity.css,.css,3579,LIKELY_PROJECT_AUTHORED,local text/code; no external URL detected
withagen-research.css,.css,2555,LIKELY_PROJECT_AUTHORED,local text/code; no external URL detected
sacred-25km-atlas.js,.js,933,LIKELY_PROJECT_AUTHORED,local text/code; no external URL detected
luxdot-charter.html,.html,3438,LIKELY_PROJECT_AUTHORED,local text/code; no external URL detected
CHANGELOG_v4_3_90.md,.md,623,LIKELY_PROJECT_AUTHORED,local text/code; no external URL detected
radio-syrian-day-schedule.json,.json,418,LIKELY_PROJECT_AUTHORED,local text/code; no external URL detected
TEST_REPORT_v4_3_12.md,.md,612,LIKELY_PROJECT_AUTHORED,local text/code; no external URL detected
CHANGELOG_v4_3_7.md,.md,1063,LIKELY_PROJECT_AUTHORED,local text/code; no external URL detected
CHANGELOG_v4_3_115.md,.md,841,LIKELY_PROJECT_AUTHORED,local text/code; no external URL detected
CHANGELOG_v4_3_5.md,.md,627,LIKELY_PROJECT_AUTHORED,local text/code; no external URL detected
chaam-deep-history.html,.html,26939,REVIEW_EXTERNAL_REFERENCES,26 external URL(s)
jewish-research.css,.css,2424,LIKELY_PROJECT_AUTHORED,local text/code; no external URL detected
luxdot-method-lab.html,.html,5547,LIKELY_PROJECT_AUTHORED,local text/code; no external URL detected
CHANGELOG_v4_3_26.md,.md,379,LIKELY_PROJECT_AUTHORED,local text/code; no external URL detected
arabic-surface-v4160.js,.js,3525,LIKELY_PROJECT_AUTHORED,local text/code; no external URL detected
brother-roger-memory.html,.html,6935,REVIEW_EXTERNAL_REFERENCES,2 external URL(s)
LOCAL_MEMORY_IMAGE_MANIFEST_v2_9_7.md,.md,1173,LIKELY_PROJECT_AUTHORED,local text/code; no external URL detected
CHANGELOG_v4_14_14.md,.md,534,LIKELY_PROJECT_AUTHORED,local text/code; no external URL detected
CHANGELOG_v4_3_31_RESEARCH_SKY.md,.md,567,LIKELY_PROJECT_AUTHORED,local text/code; no external URL detected
WITNESS_PRIVACY_AND_EDITORIAL_PROTOCOL.md,.md,1099,LIKELY_PROJECT_AUTHORED,local text/code; no external URL detected
luxdot-research-standard-preview.js,.js,1490,LIKELY_PROJECT_AUTHORED,local text/code; no external URL detected
memory-invite.css,.css,2582,LIKELY_PROJECT_AUTHORED,local text/code; no external URL detected
abraham-maimonides-sufi-bridge.html,.html,6576,REVIEW_EXTERNAL_REFERENCES,2 external URL(s)
templar-land-chain.html,.html,10184,REVIEW_EXTERNAL_REFERENCES,3 external URL(s)
mahdi-matrix.html,.html,12349,REVIEW_EXTERNAL_REFERENCES,6 external URL(s)
erasmus.html,.html,7216,REVIEW_EXTERNAL_REFERENCES,2 external URL(s)
van-velthoven-grote-kerk.html,.html,9157,REVIEW_EXTERNAL_REFERENCES,15 external URL(s)
sephardic-continuity-ovadia-yitzhak.html,.html,7066,REVIEW_EXTERNAL_REFERENCES,2 external URL(s)
CHANGELOG_v4_14_16.md,.md,189,LIKELY_PROJECT_AUTHORED,local text/code; no external URL detected
CHANGELOG_v4_3_55.md,.md,640,LIKELY_PROJECT_AUTHORED,local text/code; no external URL detected
erasmus.js,.js,45471,REVIEW_EXTERNAL_REFERENCES,13 external URL(s)
primbon-java.html,.html,6497,REVIEW_EXTERNAL_REFERENCES,2 external URL(s)
pulse-methodology.html,.html,4240,LIKELY_PROJECT_AUTHORED,local text/code; no external URL detected
TEST_REPORT_v4_5_0.md,.md,234,LIKELY_PROJECT_AUTHORED,local text/code; no external URL detected
javanese-texts.html,.html,6447,REVIEW_EXTERNAL_REFERENCES,2 external URL(s)
radio.html,.html,21503,REVIEW_EXTERNAL_REFERENCES,license-marker:CC; 3 external URL(s); rights/license wording detected
research-graph.css,.css,12672,LIKELY_PROJECT_AUTHORED,local text/code; no external URL detected
TEST_REPORT_v2_9_5.md,.md,1061,LIKELY_PROJECT_AUTHORED,local text/code; no external URL detected
research-manifest.json,.json,85680,LIKELY_PROJECT_AUTHORED,local text/code; no external URL detected
TEST_REPORT_v4_3_124.md,.md,387,LIKELY_PROJECT_AUTHORED,local text/code; no external URL detected
totalitarian-victims-memory.html,.html,12932,REVIEW_EXTERNAL_REFERENCES,3 external URL(s)
CHANGELOG_v4_14_1.md,.md,727,LIKELY_PROJECT_AUTHORED,local text/code; no external URL detected
TEST_REPORT_v4_3_13.md,.md,399,LIKELY_PROJECT_AUTHORED,local text/code; no external URL detected
CHANGELOG_v4_3_87.md,.md,675,LIKELY_PROJECT_AUTHORED,local text/code; no external URL detected
CHANGELOG_v4_3_74.md,.md,715,LIKELY_PROJECT_AUTHORED,local text/code; no external URL detected
yitzhak-yosef.html,.html,6265,REVIEW_EXTERNAL_REFERENCES,license-marker:CC; 3 external URL(s)
TEST_REPORT_v4_3_98_HEBREW_ACTIVATION_QA.md,.md,1053,LIKELY_PROJECT_AUTHORED,local text/code; no external URL detected
research-media.js,.js,2180,LIKELY_PROJECT_AUTHORED,local text/code; no external URL detected
luxdot-method.html,.html,8837,LIKELY_PROJECT_AUTHORED,local text/code; no external URL detected
erasmus.css,.css,13072,LIKELY_PROJECT_AUTHORED,local text/code; no external URL detected
chaam-genealogy.js,.js,7859,REVIEW_EXTERNAL_REFERENCES,1 external URL(s)
name-date-matrix.html,.html,23658,REVIEW_EXTERNAL_REFERENCES,15 external URL(s)
CHANGELOG_v4_3_103.md,.md,742,LIKELY_PROJECT_AUTHORED,local text/code; no external URL detected
withagen-family.html,.html,12707,REVIEW_EXTERNAL_REFERENCES,20 external URL(s)
paulina-withagen-rescue.html,.html,10875,REVIEW_EXTERNAL_REFERENCES,10 external URL(s)
christian-apocalyptic-numbers-newton.html,.html,4676,REVIEW_EXTERNAL_REFERENCES,3 external URL(s)
memory-data.js,.js,28624,REVIEW_EXTERNAL_REFERENCES,39 external URL(s)
templars-master.html,.html,10900,LIKELY_PROJECT_AUTHORED,local text/code; no external URL detected
adhan-clock.js,.js,2559,LIKELY_PROJECT_AUTHORED,local text/code; no external URL detected
jochem-van-velthoven.html,.html,19633,REVIEW_EXTERNAL_REFERENCES,25 external URL(s)
TEST_REPORT_v2_9_6.md,.md,438,LIKELY_PROJECT_AUTHORED,local text/code; no external URL detected
language-core.js,.js,6287,LIKELY_PROJECT_AUTHORED,local text/code; no external URL detected
dao.html,.html,8631,REVIEW_EXTERNAL_REFERENCES,2 external URL(s)
QA_REPORT_v4_15_0.md,.md,587,LIKELY_PROJECT_AUTHORED,local text/code; no external URL detected
CHANGELOG_v4_3_125.md,.md,632,LIKELY_PROJECT_AUTHORED,local text/code; no external URL detected
projects.html,.html,32146,LIKELY_PROJECT_AUTHORED,local text/code; no external URL detected; rights/license wording detected
kojiki.html,.html,9533,REVIEW_EXTERNAL_REFERENCES,2 external URL(s)
CHANGELOG_v4_13_0.md,.md,798,LIKELY_PROJECT_AUTHORED,local text/code; no external URL detected
CHANGELOG_v4_3_77.md,.md,1389,LIKELY_PROJECT_AUTHORED,local text/code; no external URL detected
CHANGELOG_v4_3_47.md,.md,722,LIKELY_PROJECT_AUTHORED,local text/code; no external URL detected
CHANGELOG_v4_3_124.md,.md,609,LIKELY_PROJECT_AUTHORED,local text/code; no external URL detected
CHANGELOG_v4_14_7.md,.md,857,LIKELY_PROJECT_AUTHORED,local text/code; no external URL detected
adhan-radio.js,.js,408,LIKELY_PROJECT_AUTHORED,local text/code; no external URL detected
CHANGELOG_v4_3_123.md,.md,598,LIKELY_PROJECT_AUTHORED,local text/code; no external URL detected
TEST_REPORT_v4_4_1.md,.md,69,LIKELY_PROJECT_AUTHORED,local text/code; no external URL detected
savior-deepening-i18n.js,.js,17453,REVIEW_EXTERNAL_REFERENCES,4 external URL(s)
DOCUMENT_REGISTRY.md,.md,4486,LIKELY_PROJECT_AUTHORED,local text/code; no external URL detected
QA_FILE_MANIFEST_v2_9_4.txt,.txt,3564,LIKELY_PROJECT_AUTHORED,local text/code; no external URL detected
research-views-v3.js,.js,8924,REVIEW_EXTERNAL_REFERENCES,1 external URL(s)
maimonides-messiah-test.html,.html,8284,REVIEW_EXTERNAL_REFERENCES,4 external URL(s)
CHANGELOG_v4_1_0.md,.md,1393,LIKELY_PROJECT_AUTHORED,local text/code; no external URL detected
republic-reader.html,.html,2460,REVIEW_EXTERNAL_REFERENCES,1 external URL(s); rights/license wording detected
TEST_REPORT_v4_5_1.md,.md,91,LIKELY_PROJECT_AUTHORED,local text/code; no external URL detected
TEST_REPORT_v4_3_110.md,.md,391,LIKELY_PROJECT_AUTHORED,local text/code; no external URL detected
jewish-research-center.html,.html,7172,REVIEW_EXTERNAL_REFERENCES,3 external URL(s)
CHANGELOG_v4_4_1.md,.md,361,LIKELY_PROJECT_AUTHORED,local text/code; no external URL detected
TEST_REPORT_v4_3_2.md,.md,1509,LIKELY_PROJECT_AUTHORED,local text/code; no external URL detected
hikma-reader.js,.js,8587,REVIEW_EXTERNAL_REFERENCES,2 external URL(s)
java-script.html,.html,64314,REVIEW_EXTERNAL_REFERENCES,33 external URL(s)
CHANGELOG_v4_3_56.md,.md,822,LIKELY_PROJECT_AUTHORED,local text/code; no external URL detected
messianic-method-comparison.html,.html,4299,LIKELY_PROJECT_AUTHORED,local text/code; no external URL detected
CHANGELOG_v4_3_21.md,.md,602,LIKELY_PROJECT_AUTHORED,local text/code; no external URL detected
totalitarianism-reader.html,.html,2606,REVIEW_EXTERNAL_REFERENCES,1 external URL(s); rights/license wording detected
jansen-de-koning-network.html,.html,32700,REVIEW_EXTERNAL_REFERENCES,20 external URL(s)
talmud-messiah.html,.html,5825,REVIEW_EXTERNAL_REFERENCES,2 external URL(s)
scripture-reader-v43108.js,.js,3518,LIKELY_PROJECT_AUTHORED,local text/code; no external URL detected
TEST_REPORT_v4_3_31_1_RESEARCH_SKY.md,.md,1061,LIKELY_PROJECT_AUTHORED,local text/code; no external URL detected
CHANGELOG_v4_3_31.md,.md,872,LIKELY_PROJECT_AUTHORED,local text/code; no external URL detected
styles.css,.css,42621,LIKELY_PROJECT_AUTHORED,local text/code; no external URL detected
faith.html,.html,7941,LIKELY_PROJECT_AUTHORED,local text/code; no external URL detected
media-news.css,.css,5625,LIKELY_PROJECT_AUTHORED,local text/code; no external URL detected
TEST_REPORT_v4_2_0.md,.md,1651,LIKELY_PROJECT_AUTHORED,local text/code; no external URL detected
CHANGELOG_v4_0_0.md,.md,862,LIKELY_PROJECT_AUTHORED,local text/code; no external URL detected
TEST_REPORT_v4_3_7.md,.md,1023,LIKELY_PROJECT_AUTHORED,local text/code; no external URL detected
CHANGELOG_v4_3_97.md,.md,886,LIKELY_PROJECT_AUTHORED,local text/code; no external URL detected
CHANGELOG_v4_3_46.md,.md,664,LIKELY_PROJECT_AUTHORED,local text/code; no external URL detected
CHANGELOG_v4_3_67.md,.md,1046,LIKELY_PROJECT_AUTHORED,local text/code; no external URL detected
CHANGELOG_v4_3_70.md,.md,963,LIKELY_PROJECT_AUTHORED,local text/code; no external URL detected
TEST_REPORT_v4_3_111.md,.md,788,LIKELY_PROJECT_AUTHORED,local text/code; no external URL detected
prince-claus-bridge.html,.html,24597,REVIEW_EXTERNAL_REFERENCES,license-marker:CC; 23 external URL(s); rights/license wording detected
CHANGELOG_v4_3_42.md,.md,206,LIKELY_PROJECT_AUTHORED,local text/code; no external URL detected
red-heifer.html,.html,2143,LIKELY_PROJECT_AUTHORED,local text/code; no external URL detected
site-quality.js,.js,1824,LIKELY_PROJECT_AUTHORED,local text/code; no external URL detected
CHANGELOG_v4_3_75.md,.md,549,LIKELY_PROJECT_AUTHORED,local text/code; no external URL detected
CHANGELOG_v4_3_66.md,.md,618,LIKELY_PROJECT_AUTHORED,local text/code; no external URL detected
praxis.css,.css,3226,LIKELY_PROJECT_AUTHORED,local text/code; no external URL detected
CHANGELOG_v4_3_76.md,.md,471,LIKELY_PROJECT_AUTHORED,local text/code; no external URL detected
senses-of-knowledge.css,.css,1807,LIKELY_PROJECT_AUTHORED,local text/code; no external URL detected
CHANGELOG_v2_9_6.md,.md,890,LIKELY_PROJECT_AUTHORED,local text/code; no external URL detected
CHANGELOG_v4_3_24.md,.md,753,LIKELY_PROJECT_AUTHORED,local text/code; no external URL detected
CHANGELOG_v4_15_0.md,.md,588,LIKELY_PROJECT_AUTHORED,local text/code; no external URL detected
abulafia-comparative-lab.html,.html,4721,REVIEW_EXTERNAL_REFERENCES,1 external URL(s)
TEST_REPORT_v4_3_70_REIDERLAND_MEDIA_MAP.md,.md,734,LIKELY_PROJECT_AUTHORED,local text/code; no external URL detected
CHANGELOG_v4_4_0.md,.md,722,LIKELY_PROJECT_AUTHORED,local text/code; no external URL detected
CHANGELOG_v4_3_51.md,.md,711,LIKELY_PROJECT_AUTHORED,local text/code; no external URL detected
karo-decision-method.html,.html,6679,REVIEW_EXTERNAL_REFERENCES,3 external URL(s)
TEST_REPORT_v3_0_0.md,.md,1149,LIKELY_PROJECT_AUTHORED,local text/code; no external URL detected
withagen-chaam-toponym.html,.html,10499,REVIEW_EXTERNAL_REFERENCES,10 external URL(s)
TEST_REPORT_v4_3_11.md,.md,1781,LIKELY_PROJECT_AUTHORED,local text/code; no external URL detected
CHANGELOG_v4_3_81.md,.md,518,LIKELY_PROJECT_AUTHORED,local text/code; no external URL detected
TEST_REPORT_v4_3_85.md,.md,461,LIKELY_PROJECT_AUTHORED,local text/code; no external URL detected
chaam-sacred-memory.html,.html,15558,REVIEW_EXTERNAL_REFERENCES,18 external URL(s)
CHANGELOG_v4_3_54.md,.md,517,LIKELY_PROJECT_AUTHORED,local text/code; no external URL detected
CHANGELOG_v4_3_85.md,.md,953,LIKELY_PROJECT_AUTHORED,local text/code; no external URL detected
ARABIC_SURFACE_AUDIT_v4_16_0.md,.md,5181,LIKELY_PROJECT_AUTHORED,local text/code; no external URL detected
research.html,.html,20313,LIKELY_PROJECT_AUTHORED,local text/code; no external URL detected
compat.css,.css,2575,LIKELY_PROJECT_AUTHORED,local text/code; no external URL detected
CHANGELOG_v4_3_0.md,.md,2240,LIKELY_PROJECT_AUTHORED,local text/code; no external URL detected
prewriting-history.html,.html,2033,LIKELY_PROJECT_AUTHORED,local text/code; no external URL detected
ter-brake-power-network.html,.html,28038,REVIEW_EXTERNAL_REFERENCES,9 external URL(s)
CHANGELOG_v4_10_0.md,.md,584,LIKELY_PROJECT_AUTHORED,local text/code; no external URL detected
luxdot-radio.js,.js,20695,REVIEW_EXTERNAL_REFERENCES,license-marker:CC; 3 external URL(s); rights/license wording detected
CHANGELOG_v4_3_63.md,.md,1105,LIKELY_PROJECT_AUTHORED,local text/code; no external URL detected
CHANGELOG_v2_9_7.md,.md,757,LIKELY_PROJECT_AUTHORED,local text/code; no external URL detected
kees-van-wanrooij.html,.html,17540,REVIEW_EXTERNAL_REFERENCES,11 external URL(s)
audio-library.html,.html,4811,REVIEW_EXTERNAL_REFERENCES,2 external URL(s)
CHANGELOG_v4_3_110.md,.md,449,LIKELY_PROJECT_AUTHORED,local text/code; no external URL detected
tongerlo-fourteen-churches.html,.html,24666,REVIEW_EXTERNAL_REFERENCES,16 external URL(s)
CHANGELOG_v4_3_25.md,.md,807,LIKELY_PROJECT_AUTHORED,local text/code; no external URL detected
research/shaam-breda.html,.html,1262,LIKELY_PROJECT_AUTHORED,local text/code; no external URL detected
research/circle-of-care-live-map.js,.js,16001,REVIEW_EXTERNAL_REFERENCES,1 external URL(s)
research/circle-of-care-25km-original.html,.html,53292,REVIEW_EXTERNAL_REFERENCES,72 external URL(s)
research/circle-of-care.js,.js,8014,LIKELY_PROJECT_AUTHORED,local text/code; no external URL detected
research/research.css,.css,9289,LIKELY_PROJECT_AUTHORED,local text/code; no external URL detected
research/global-savior-atlas.html,.html,1260,LIKELY_PROJECT_AUTHORED,local text/code; no external URL detected
research/research.js,.js,23467,REVIEW_EXTERNAL_REFERENCES,23 external URL(s); rights/license wording detected
research/savior-investigation.css,.css,2641,LIKELY_PROJECT_AUTHORED,local text/code; no external URL detected
assets/druze-hikma-manuscript.jpg,.jpg,530794,NEEDS_PROVENANCE,binary/media asset; ownership cannot be inferred safely
assets/hallaj-execution-mughal.webp,.webp,666122,NEEDS_PROVENANCE,binary/media asset; ownership cannot be inferred safely
assets/druze-mithaq-wali-zaman.jpg,.jpg,465799,NEEDS_PROVENANCE,binary/media asset; ownership cannot be inferred safely
assets/reiderland-map-1842.jpg,.jpg,807183,NEEDS_PROVENANCE,binary/media asset; ownership cannot be inferred safely
assets/al-hakim-mosque-cairo.jpg,.jpg,957991,NEEDS_PROVENANCE,binary/media asset; ownership cannot be inferred safely
tools/qa_arabic_master.py,.py,1444,REVIEW,unclassified file type
data/daily-identity.json,.json,1159,LIKELY_PROJECT_AUTHORED,local text/code; no external URL detected
data/luxdot-calendar-2026.json,.json,280102,REVIEW_EXTERNAL_REFERENCES,62 external URL(s); rights/license wording detected
data/research-media.json,.json,18022,REVIEW_EXTERNAL_REFERENCES,license-marker:CC; 14 external URL(s)
data/i18n-coverage.json,.json,32417,LIKELY_PROJECT_AUTHORED,local text/code; no external URL detected
data/witness-public.json,.json,3,LIKELY_PROJECT_AUTHORED,local text/code; no external URL detected
data/research-taxonomy.json,.json,5017,LIKELY_PROJECT_AUTHORED,local text/code; no external URL detected
data/care-points.json,.json,46598,REVIEW_EXTERNAL_REFERENCES,70 external URL(s)
data/media-news.json,.json,55117,REVIEW_EXTERNAL_REFERENCES,31 external URL(s)
data/chaam-genealogy.json,.json,31377,REVIEW_EXTERNAL_REFERENCES,9 external URL(s)
data/witness-schema.json,.json,2929,REVIEW_EXTERNAL_REFERENCES,1 external URL(s)
data/care-points.js,.js,37798,REVIEW_EXTERNAL_REFERENCES,70 external URL(s)
data/luxdot-timeline.json,.json,2052,LIKELY_PROJECT_AUTHORED,local text/code; no external URL detected
data/memory-atlas.json,.json,21245,REVIEW_EXTERNAL_REFERENCES,29 external URL(s)
data/knowledge-inventory-v4.16.3.json,.json,99625,LIKELY_PROJECT_AUTHORED,local text/code; no external URL detected
data/transparency-manifest.json,.json,384,LIKELY_PROJECT_AUTHORED,local text/code; no external URL detected
data/radio-hourly-ident.json,.json,2806,LIKELY_PROJECT_AUTHORED,local text/code; no external URL detected
functions/api/transparency.js,.js,6605,REVIEW_EXTERNAL_REFERENCES,1 external URL(s)
docs/architecture/CURRENT_BUILD_RECONCILIATION_v4_16_2.md,.md,3508,LIKELY_PROJECT_AUTHORED,local text/code; no external URL detected
docs/architecture/Roadmap.md,.md,1658,LIKELY_PROJECT_AUTHORED,local text/code; no external URL detected
docs/architecture/Architecture.md,.md,2052,LIKELY_PROJECT_AUTHORED,local text/code; no external URL detected
docs/architecture/KNOWLEDGE_INVENTORY_RECONCILIATION_v4_16_3.md,.md,10328,LIKELY_PROJECT_AUTHORED,local text/code; no external URL detected
docs/governance/LUXDOT_COMMONS_STEWARDSHIP_POLICY_DRAFT_v0_1.md,.md,5241,LIKELY_PROJECT_AUTHORED,license-marker:AGPL; license-marker:CC; local text/code; no external URL detected; rights/license wording detected
docs/governance/SOCIAL_RETURN_PLEDGE_DRAFT.md,.md,798,LIKELY_PROJECT_AUTHORED,local text/code; no external URL detected
assets/research-media/chaam-antonius.webp,.webp,60314,NEEDS_PROVENANCE,binary/media asset; ownership cannot be inferred safely
assets/research-media/java-manuscript.svg,.svg,1002,NEEDS_PROVENANCE,binary/media asset; ownership cannot be inferred safely
assets/research-media/passport-syrian-redacted.jpg,.jpg,126355,NEEDS_PROVENANCE,binary/media asset; ownership cannot be inferred safely
assets/research-media/kevelaer-gnadenkapelle.webp,.webp,216294,NEEDS_PROVENANCE,binary/media asset; ownership cannot be inferred safely
assets/research-media/burckhardt.webp,.webp,45866,NEEDS_PROVENANCE,binary/media asset; ownership cannot be inferred safely
assets/research-media/hoogstraten.webp,.webp,69378,NEEDS_PROVENANCE,binary/media asset; ownership cannot be inferred safely
assets/research-media/polleke.jpg,.jpg,153224,NEEDS_PROVENANCE,binary/media asset; ownership cannot be inferred safely
assets/research-media/red-heifer-timeline.svg,.svg,1063,NEEDS_PROVENANCE,binary/media asset; ownership cannot be inferred safely
assets/research-media/red-heifer.svg,.svg,999,NEEDS_PROVENANCE,binary/media asset; ownership cannot be inferred safely
assets/research-media/passport-dutch-redacted.jpg,.jpg,195761,NEEDS_PROVENANCE,binary/media asset; ownership cannot be inferred safely
assets/research-media/pet-goat-analysis.svg,.svg,1032,NEEDS_PROVENANCE,binary/media asset; ownership cannot be inferred safely
assets/research-media/chaam-ledevaert.webp,.webp,135306,NEEDS_PROVENANCE,binary/media asset; ownership cannot be inferred safely
assets/research-media/erasmus.webp,.webp,71500,NEEDS_PROVENANCE,binary/media asset; ownership cannot be inferred safely
assets/research-media/urania.jpg,.jpg,1099457,NEEDS_PROVENANCE,binary/media asset; ownership cannot be inferred safely
assets/research-media/media-stage.svg,.svg,1005,NEEDS_PROVENANCE,binary/media asset; ownership cannot be inferred safely
assets/research-media/alphen-willibrordus.webp,.webp,82630,NEEDS_PROVENANCE,binary/media asset; ownership cannot be inferred safely
assets/research-media/grote-kerk-breda.png,.png,106684,NEEDS_PROVENANCE,binary/media asset; ownership cannot be inferred safely
assets/research-media/hondsdonk.webp,.webp,163328,NEEDS_PROVENANCE,binary/media asset; ownership cannot be inferred safely
assets/research-media/java-script-grid.svg,.svg,977,NEEDS_PROVENANCE,binary/media asset; ownership cannot be inferred safely
assets/book-covers-png/fusus.png,.png,17567,NEEDS_PROVENANCE,binary/media asset; ownership cannot be inferred safely
assets/book-covers-png/muqaddimah.webp,.webp,8228,NEEDS_PROVENANCE,binary/media asset; ownership cannot be inferred safely
assets/book-covers-png/origin.png,.png,21046,NEEDS_PROVENANCE,binary/media asset; ownership cannot be inferred safely
assets/book-covers-png/totalitarianism.png,.png,22104,NEEDS_PROVENANCE,binary/media asset; ownership cannot be inferred safely
assets/book-covers-png/scientific-revolutions.webp,.webp,12348,NEEDS_PROVENANCE,binary/media asset; ownership cannot be inferred safely
assets/book-covers-png/sophies-world.webp,.webp,7966,NEEDS_PROVENANCE,binary/media asset; ownership cannot be inferred safely
assets/book-covers-png/muqaddimah.png,.png,15218,NEEDS_PROVENANCE,binary/media asset; ownership cannot be inferred safely
assets/book-covers-png/meditations.png,.png,18628,NEEDS_PROVENANCE,binary/media asset; ownership cannot be inferred safely
assets/book-covers-png/origin.webp,.webp,8648,NEEDS_PROVENANCE,binary/media asset; ownership cannot be inferred safely
assets/book-covers-png/genealogy.png,.png,21797,NEEDS_PROVENANCE,binary/media asset; ownership cannot be inferred safely
assets/book-covers-png/genealogy.webp,.webp,8786,NEEDS_PROVENANCE,binary/media asset; ownership cannot be inferred safely
assets/book-covers-png/meditations.webp,.webp,7528,NEEDS_PROVENANCE,binary/media asset; ownership cannot be inferred safely
assets/book-covers-png/scientific-revolutions.png,.png,22703,NEEDS_PROVENANCE,binary/media asset; ownership cannot be inferred safely
assets/book-covers-png/republic.png,.png,16093,NEEDS_PROVENANCE,binary/media asset; ownership cannot be inferred safely
assets/book-covers-png/totalitarianism.webp,.webp,10624,NEEDS_PROVENANCE,binary/media asset; ownership cannot be inferred safely
assets/book-covers-png/republic.webp,.webp,6418,NEEDS_PROVENANCE,binary/media asset; ownership cannot be inferred safely
assets/book-covers-png/karamazov.png,.png,21253,NEEDS_PROVENANCE,binary/media asset; ownership cannot be inferred safely
assets/book-covers-png/karamazov.webp,.webp,9744,NEEDS_PROVENANCE,binary/media asset; ownership cannot be inferred safely
assets/book-covers-png/fusus.webp,.webp,7478,NEEDS_PROVENANCE,binary/media asset; ownership cannot be inferred safely
assets/book-covers-png/sophies-world.png,.png,19097,NEEDS_PROVENANCE,binary/media asset; ownership cannot be inferred safely
assets/book-covers/meditations.svg,.svg,898,NEEDS_PROVENANCE,binary/media asset; ownership cannot be inferred safely
assets/book-covers/totalitarianism.svg,.svg,890,NEEDS_PROVENANCE,binary/media asset; ownership cannot be inferred safely
assets/book-covers/scientific-revolutions.svg,.svg,905,NEEDS_PROVENANCE,binary/media asset; ownership cannot be inferred safely
assets/book-covers/republic.svg,.svg,875,NEEDS_PROVENANCE,binary/media asset; ownership cannot be inferred safely
assets/book-covers/sophies-world.svg,.svg,886,NEEDS_PROVENANCE,binary/media asset; ownership cannot be inferred safely
assets/book-covers/origin.svg,.svg,894,NEEDS_PROVENANCE,binary/media asset; ownership cannot be inferred safely
assets/book-covers/genealogy.svg,.svg,894,NEEDS_PROVENANCE,binary/media asset; ownership cannot be inferred safely
assets/book-covers/fusus.svg,.svg,899,NEEDS_PROVENANCE,binary/media asset; ownership cannot be inferred safely
assets/book-covers/karamazov.svg,.svg,911,NEEDS_PROVENANCE,binary/media asset; ownership cannot be inferred safely
assets/book-covers/muqaddimah.svg,.svg,876,NEEDS_PROVENANCE,binary/media asset; ownership cannot be inferred safely
assets/reiderland/kees.jpg,.jpg,102755,NEEDS_PROVENANCE,binary/media asset; ownership cannot be inferred safely
assets/reiderland/anton.jpg,.jpg,160640,NEEDS_PROVENANCE,binary/media asset; ownership cannot be inferred safely
assets/reiderland/directors.jpg,.jpg,128735,NEEDS_PROVENANCE,binary/media asset; ownership cannot be inferred safely
assets/jewish-research/maimonides.jpg,.jpg,353383,NEEDS_PROVENANCE,binary/media asset; ownership cannot be inferred safely
assets/jewish-research/joseph-karo.jpg,.jpg,1028997,NEEDS_PROVENANCE,binary/media asset; ownership cannot be inferred safely
assets/jewish-research/ovadia-yosef.jpg,.jpg,59767,NEEDS_PROVENANCE,binary/media asset; ownership cannot be inferred safely
assets/jewish-research/yitzhak-yosef.jpg,.jpg,182156,NEEDS_PROVENANCE,binary/media asset; ownership cannot be inferred safely
assets/images/urania-goltzius.jpg,.jpg,3021882,NEEDS_PROVENANCE,binary/media asset; ownership cannot be inferred safely
assets/thumbs/projects.svg,.svg,457,NEEDS_PROVENANCE,binary/media asset; ownership cannot be inferred safely
assets/thumbs/nusantara.svg,.svg,460,NEEDS_PROVENANCE,binary/media asset; ownership cannot be inferred safely
assets/thumbs/research.svg,.svg,468,NEEDS_PROVENANCE,binary/media asset; ownership cannot be inferred safely
assets/thumbs/event.svg,.svg,462,NEEDS_PROVENANCE,binary/media asset; ownership cannot be inferred safely
assets/thumbs/person.svg,.svg,470,NEEDS_PROVENANCE,binary/media asset; ownership cannot be inferred safely
assets/thumbs/place.svg,.svg,513,NEEDS_PROVENANCE,binary/media asset; ownership cannot be inferred safely
assets/thumbs/faith.svg,.svg,448,NEEDS_PROVENANCE,binary/media asset; ownership cannot be inferred safely
assets/thumbs/memory.svg,.svg,486,NEEDS_PROVENANCE,binary/media asset; ownership cannot be inferred safely
assets/thumbs/library.svg,.svg,470,NEEDS_PROVENANCE,binary/media asset; ownership cannot be inferred safely
assets/thumbs/default.svg,.svg,453,NEEDS_PROVENANCE,binary/media asset; ownership cannot be inferred safely
assets/thumbs-png/faith.png,.png,13757,NEEDS_PROVENANCE,binary/media asset; ownership cannot be inferred safely
assets/thumbs-png/projects.png,.png,13137,NEEDS_PROVENANCE,binary/media asset; ownership cannot be inferred safely
assets/thumbs-png/nusantara.png,.png,12992,NEEDS_PROVENANCE,binary/media asset; ownership cannot be inferred safely
assets/thumbs-png/person.png,.png,13530,NEEDS_PROVENANCE,binary/media asset; ownership cannot be inferred safely
assets/thumbs-png/place.png,.png,19601,NEEDS_PROVENANCE,binary/media asset; ownership cannot be inferred safely
assets/thumbs-png/event.png,.png,14479,NEEDS_PROVENANCE,binary/media asset; ownership cannot be inferred safely
assets/thumbs-png/research.png,.png,11986,NEEDS_PROVENANCE,binary/media asset; ownership cannot be inferred safely
assets/thumbs-png/memory.png,.png,15029,NEEDS_PROVENANCE,binary/media asset; ownership cannot be inferred safely
assets/thumbs-png/library.png,.png,14834,NEEDS_PROVENANCE,binary/media asset; ownership cannot be inferred safely
assets/thumbs-png/default.png,.png,14525,NEEDS_PROVENANCE,binary/media asset; ownership cannot be inferred safely
assets/audio/ghouta-silence-60s.wav,.wav,480044,NEEDS_PROVENANCE,binary/media asset; ownership cannot be inferred safely
assets/audio/ADHAN_README.txt,.txt,83,LIKELY_PROJECT_AUTHORED,local text/code; no external URL detected; rights/license wording detected
assets/audio/idents/station-id-en.wav,.wav,272654,NEEDS_PROVENANCE,binary/media asset; ownership cannot be inferred safely
assets/audio/idents/station-id-tr.wav,.wav,262956,NEEDS_PROVENANCE,binary/media asset; ownership cannot be inferred safely
assets/audio/idents/station-id-es.wav,.wav,296304,NEEDS_PROVENANCE,binary/media asset; ownership cannot be inferred safely
assets/audio/idents/station-id-de.wav,.wav,279826,NEEDS_PROVENANCE,binary/media asset; ownership cannot be inferred safely
assets/audio/idents/station-id-nl.wav,.wav,286718,NEEDS_PROVENANCE,binary/media asset; ownership cannot be inferred safely
assets/audio/idents/hour-strike.wav,.wav,154394,NEEDS_PROVENANCE,binary/media asset; ownership cannot be inferred safely
assets/audio/idents/README.txt,.txt,488,LIKELY_PROJECT_AUTHORED,local text/code; no external URL detected
assets/audio/idents/station-id-he.wav,.wav,276742,NEEDS_PROVENANCE,binary/media asset; ownership cannot be inferred safely
assets/audio/idents/station-id-fr.wav,.wav,267994,NEEDS_PROVENANCE,binary/media asset; ownership cannot be inferred safely
assets/audio/idents/station-id-jv.wav,.wav,317618,NEEDS_PROVENANCE,binary/media asset; ownership cannot be inferred safely
assets/audio/idents/luxdot-signature.wav,.wav,217016,NEEDS_PROVENANCE,binary/media asset; ownership cannot be inferred safely
assets/audio/idents/station-id-id.wav,.wav,308028,NEEDS_PROVENANCE,binary/media asset; ownership cannot be inferred safely
assets/audio/idents/station-id-ar.wav,.wav,312312,NEEDS_PROVENANCE,binary/media asset; ownership cannot be inferred safely
assets/audio/memorial/julia-ghabat-shams-alhaq.mp3,.mp3,5134750,NEEDS_PROVENANCE,binary/media asset; ownership cannot be inferred safely
assets/audio/memorial/heartbeat-song-for-syria.mp3,.mp3,3403693,NEEDS_PROVENANCE,binary/media asset; ownership cannot be inferred safely
assets/audio/memorial/heal-the-world.mp3,.mp3,5957680,NEEDS_PROVENANCE,binary/media asset; ownership cannot be inferred safely
assets/audio/memorial/sarkha-child-refugee.mp3,.mp3,3552946,NEEDS_PROVENANCE,binary/media asset; ownership cannot be inferred safely
assets/audio/memorial/one-day.mp3,.mp3,5123480,NEEDS_PROVENANCE,binary/media asset; ownership cannot be inferred safely
assets/audio/memorial/youre-not-alone-syria.mp3,.mp3,5786420,NEEDS_PROVENANCE,binary/media asset; ownership cannot be inferred safely
assets/images/research/chaam-ledevaert-cemetery.jpg,.jpg,176080,NEEDS_PROVENANCE,binary/media asset; ownership cannot be inferred safely
assets/images/memory/maximilian-kolbe.jpg,.jpg,29959,NEEDS_PROVENANCE,binary/media asset; ownership cannot be inferred safely
assets/images/memory/maximilian-kolbe-research.jpg,.jpg,144404,NEEDS_PROVENANCE,binary/media asset; ownership cannot be inferred safely
assets/images/memory/santanna-monument.jpg,.jpg,543208,NEEDS_PROVENANCE,binary/media asset; ownership cannot be inferred safely
assets/images/memory/saint-genis-memorial.jpg,.jpg,2747061,NEEDS_PROVENANCE,binary/media asset; ownership cannot be inferred safely
assets/images/memory/kolbe-niepokalanow.jpg,.jpg,133852,NEEDS_PROVENANCE,binary/media asset; ownership cannot be inferred safely
assets/images/memory/franciszek-gajowniczek.jpg,.jpg,87626,NEEDS_PROVENANCE,binary/media asset; ownership cannot be inferred safely
assets/images/memory/raffy-indies-commemoration.jpg,.jpg,247883,NEEDS_PROVENANCE,binary/media asset; ownership cannot be inferred safely
assets/images/memory/edith-stein.jpeg,.jpeg,201032,NEEDS_PROVENANCE,binary/media asset; ownership cannot be inferred safely
assets/images/memory/edith-stein-carmel.jpg,.jpg,306137,NEEDS_PROVENANCE,binary/media asset; ownership cannot be inferred safely
assets/images/memory/indonesia-proclamation-1945.jpg,.jpg,308435,NEEDS_PROVENANCE,binary/media asset; ownership cannot be inferred safely
assets/images/memory/edith-stein-echt-memorial.jpg,.jpg,400231,NEEDS_PROVENANCE,binary/media asset; ownership cannot be inferred safely
assets/images/memory/canal-hotel-2003.jpg,.jpg,50415,NEEDS_PROVENANCE,binary/media asset; ownership cannot be inferred safely
assets/images/memory/edith-stein-student.jpg,.jpg,1305933,NEEDS_PROVENANCE,binary/media asset; ownership cannot be inferred safely
assets/images/research/withagen/bergen-1741-map.jpg,.jpg,118206,NEEDS_PROVENANCE,binary/media asset; ownership cannot be inferred safely
research/savior/bahai.html,.html,7377,REVIEW_EXTERNAL_REFERENCES,2 external URL(s)
research/savior/islam-sunni.html,.html,10219,REVIEW_EXTERNAL_REFERENCES,5 external URL(s)
research/savior/daesoon.html,.html,6467,REVIEW_EXTERNAL_REFERENCES,1 external URL(s)
research/savior/javanese.html,.html,6846,REVIEW_EXTERNAL_REFERENCES,1 external URL(s)
research/savior/jainism.html,.html,6513,REVIEW_EXTERNAL_REFERENCES,1 external URL(s)
research/savior/secular-humanism.html,.html,7083,REVIEW_EXTERNAL_REFERENCES,2 external URL(s)
research/savior/dossier-i18n.js,.js,34807,LIKELY_PROJECT_AUTHORED,local text/code; no external URL detected
research/savior/buddhism.html,.html,6949,REVIEW_EXTERNAL_REFERENCES,2 external URL(s)
research/savior/caodai.html,.html,6569,REVIEW_EXTERNAL_REFERENCES,1 external URL(s)
research/savior/sikhism.html,.html,6673,REVIEW_EXTERNAL_REFERENCES,1 external URL(s)
research/savior/zoroastrianism.html,.html,7121,REVIEW_EXTERNAL_REFERENCES,2 external URL(s)
research/savior/confucian-daoist.html,.html,6888,REVIEW_EXTERNAL_REFERENCES,2 external URL(s)
research/savior/christianity.html,.html,10698,REVIEW_EXTERNAL_REFERENCES,6 external URL(s)
research/savior/islam-twelver.html,.html,7287,REVIEW_EXTERNAL_REFERENCES,2 external URL(s)
research/savior/hinduism.html,.html,6883,REVIEW_EXTERNAL_REFERENCES,2 external URL(s)
research/savior/judaism.html,.html,7113,REVIEW_EXTERNAL_REFERENCES,2 external URL(s)
