path,ext,bytes,classification,reason,sha256
assets/druze-hikma-manuscript.jpg,.jpg,530794,UNKNOWN_IMAGE_PROVENANCE,image provenance not encoded reliably,e3e6b4c47c27a61a23a37baf08855cc42e5dbbd284ea37e663264e287434d395
assets/hallaj-execution-mughal.webp,.webp,666122,UNKNOWN_IMAGE_PROVENANCE,image provenance not encoded reliably,486295ee19c38a3506ceac54195de1b533dc770dfff171e0670807c9e5b3c7a1
assets/druze-mithaq-wali-zaman.jpg,.jpg,465799,UNKNOWN_IMAGE_PROVENANCE,image provenance not encoded reliably,f1868852d6b3caffc761e1610908f5e73200acf52e4da680c7a08c9ae4f7fd6c
assets/reiderland-map-1842.jpg,.jpg,807183,UNKNOWN_IMAGE_PROVENANCE,image provenance not encoded reliably,6844b57a8097e9efd5e7fcf77abf3465589386680d9f620b16fcc2cb5ba41fb1
assets/al-hakim-mosque-cairo.jpg,.jpg,957991,UNKNOWN_IMAGE_PROVENANCE,image provenance not encoded reliably,1531645938099b7207a541140fb57398ba3ad285e00a90dbb490cad6c3642f18
assets/research-media/chaam-antonius.webp,.webp,60314,UNKNOWN_IMAGE_PROVENANCE,image provenance not encoded reliably,a15cdf237cad6f3a07116682a941b71cb3dbfb85d881f6d98c2a079ad14959c0
assets/research-media/java-manuscript.svg,.svg,1002,REVIEW_VECTOR_SOURCE,SVG may be project-authored or third-party; inspect metadata/source,0321546ff8c868d1c040cca4076827621348066c246d7f1608ffef63d66e527f
assets/research-media/passport-syrian-redacted.jpg,.jpg,126355,UNKNOWN_IMAGE_PROVENANCE,image provenance not encoded reliably,698cca6a25b1a068650c044fa02b330bef4b77654889359355df051616c5aa87
assets/research-media/kevelaer-gnadenkapelle.webp,.webp,216294,UNKNOWN_IMAGE_PROVENANCE,image provenance not encoded reliably,ce9a3ea4ca9b27ac698244613d317c0d79e3f797fa6e65a65aa1f81d5040af01
assets/research-media/burckhardt.webp,.webp,45866,UNKNOWN_IMAGE_PROVENANCE,image provenance not encoded reliably,faaba9dd4e9e432000ea06af416b74867209df3f70f0a3469c3ef337ae112aea
assets/research-media/hoogstraten.webp,.webp,69378,UNKNOWN_IMAGE_PROVENANCE,image provenance not encoded reliably,90cd364c45ac3d5afea1ce23f6856b5b5a638ec9a1d5b3d71eb91823ded26a93
assets/research-media/polleke.jpg,.jpg,153224,UNKNOWN_IMAGE_PROVENANCE,image provenance not encoded reliably,a113cb3b433904c5d36c469b7d6571dd34184843ebd370faac187698751512af
assets/research-media/red-heifer-timeline.svg,.svg,1063,REVIEW_VECTOR_SOURCE,SVG may be project-authored or third-party; inspect metadata/source,c8d17292f31b00cbb0125d4b94d87c1fe62904c4383b2af498d205f574c79a5d
assets/research-media/red-heifer.svg,.svg,999,REVIEW_VECTOR_SOURCE,SVG may be project-authored or third-party; inspect metadata/source,db62edf10c2a23bb0a6de2ca1f2e61ebd94fef2aceab47382901e6fbf98b6259
assets/research-media/passport-dutch-redacted.jpg,.jpg,195761,UNKNOWN_IMAGE_PROVENANCE,image provenance not encoded reliably,7e0cb49a08dde3ef06a5292eac24e2951a596a7f397d04ce8a9c9b20672c1a24
assets/research-media/pet-goat-analysis.svg,.svg,1032,REVIEW_VECTOR_SOURCE,SVG may be project-authored or third-party; inspect metadata/source,c76ec9e8c4b095aa82c856dfdd4eebac2a2b547d801e22ca1c84e773243a0442
assets/research-media/chaam-ledevaert.webp,.webp,135306,UNKNOWN_IMAGE_PROVENANCE,image provenance not encoded reliably,dd5c8ea46afa085ef2e3edddf25798604e26bc9244b014f4bdc3f219fe2b942f
assets/research-media/erasmus.webp,.webp,71500,UNKNOWN_IMAGE_PROVENANCE,image provenance not encoded reliably,5964f0befbc7d85e4c29ee98d28639c4acce6ee6baed66a9071a9aa8ff3e3eb5
assets/research-media/urania.jpg,.jpg,1099457,UNKNOWN_IMAGE_PROVENANCE,image provenance not encoded reliably,b094c31a969e1357d0038422babed39b4a31e520e045c9cb2dc7e2e672f40a90
assets/research-media/media-stage.svg,.svg,1005,REVIEW_VECTOR_SOURCE,SVG may be project-authored or third-party; inspect metadata/source,ab9dcdf8faf233118c6620430693d6b64fc83bd5b933199b464184d6b7ac1d8f
assets/research-media/alphen-willibrordus.webp,.webp,82630,UNKNOWN_IMAGE_PROVENANCE,image provenance not encoded reliably,f7bb89c0bfd3913fc8ce6f3a68c4c9ee917efa801522ac6e1ec2ed07032618d4
assets/research-media/grote-kerk-breda.png,.png,106684,UNKNOWN_IMAGE_PROVENANCE,image provenance not encoded reliably,4a963b95bf081c3ea02923dceaeb3f8085e1a654fc54840aac61a57a60903fef
assets/research-media/hondsdonk.webp,.webp,163328,UNKNOWN_IMAGE_PROVENANCE,image provenance not encoded reliably,8542a982c76b6383773694e075fb54d01776dcc0e1b7fb4555e1eda900747af4
assets/research-media/java-script-grid.svg,.svg,977,REVIEW_VECTOR_SOURCE,SVG may be project-authored or third-party; inspect metadata/source,7d255045baddc49099bade8a4421c7a57422335e99b9b8fab062fbb06672d705
assets/book-covers-png/fusus.png,.png,17567,UNKNOWN_IMAGE_PROVENANCE,image provenance not encoded reliably,2ad5768d630edcced62cd0240c11f23dbd5175ef6eab0c3b6cb998a10e35a274
assets/book-covers-png/muqaddimah.webp,.webp,8228,UNKNOWN_IMAGE_PROVENANCE,image provenance not encoded reliably,639c42a6a3ef31c90c261111bc4b7fdfad0cfe90598c47e7da215356305639d4
assets/book-covers-png/origin.png,.png,21046,UNKNOWN_IMAGE_PROVENANCE,image provenance not encoded reliably,66e46e03c1ed5cfe688170259fade369b6f2fa73db6d055be318ca5137ba13dc
assets/book-covers-png/totalitarianism.png,.png,22104,UNKNOWN_IMAGE_PROVENANCE,image provenance not encoded reliably,bd0bcfe641e47a34b01a743523821d6c1922e46d4e9568d8b1fa6d394c93a50d
assets/book-covers-png/scientific-revolutions.webp,.webp,12348,UNKNOWN_IMAGE_PROVENANCE,image provenance not encoded reliably,e4828c01cfa00d630f3ce13e44a91632bf87ec8c3ad2fc986eda6a0fa38a51ee
assets/book-covers-png/sophies-world.webp,.webp,7966,UNKNOWN_IMAGE_PROVENANCE,image provenance not encoded reliably,6e15c8d64bc2fbbe5a758b5c0befc53ca8cf690becf1e16c337cd394b3a29d80
assets/book-covers-png/muqaddimah.png,.png,15218,UNKNOWN_IMAGE_PROVENANCE,image provenance not encoded reliably,8a5dd931e0e0d920189dbd83d7a61587e56d96a48bb14a6b1095100492ea6261
assets/book-covers-png/meditations.png,.png,18628,UNKNOWN_IMAGE_PROVENANCE,image provenance not encoded reliably,2c95567313c8a098bc130ea8d9ac2db2fe49ab47d58f13394941221f0edc07b8
assets/book-covers-png/origin.webp,.webp,8648,UNKNOWN_IMAGE_PROVENANCE,image provenance not encoded reliably,6354e3d45c417801804af09cc29ed066815b87f6de67083f37f49fb76a2c7792
assets/book-covers-png/genealogy.png,.png,21797,UNKNOWN_IMAGE_PROVENANCE,image provenance not encoded reliably,d2501ea3c9f4e931efebce0b70fbb876ecde434a03b4aa694faaf1be59bee056
assets/book-covers-png/genealogy.webp,.webp,8786,UNKNOWN_IMAGE_PROVENANCE,image provenance not encoded reliably,12d5bfcd6191e49aa8b0372ec2953480c7497dbeebc2f9fa9bab6190d5e6609d
assets/book-covers-png/meditations.webp,.webp,7528,UNKNOWN_IMAGE_PROVENANCE,image provenance not encoded reliably,d9b7f82d5982c4fe2118ee8fcd6368e00f4c0041752d2c037e4bea6d88f8bfac
assets/book-covers-png/scientific-revolutions.png,.png,22703,UNKNOWN_IMAGE_PROVENANCE,image provenance not encoded reliably,269f4a25c53a521ecd1d9b6d6939e7be5fd7e04a610d885b090b0ff4029e5c15
assets/book-covers-png/republic.png,.png,16093,UNKNOWN_IMAGE_PROVENANCE,image provenance not encoded reliably,f6bff51c9e5e4f620f6e8f33fc4d2b9ee64a33ed5bfe7ac0f793d752c573f0b9
assets/book-covers-png/totalitarianism.webp,.webp,10624,UNKNOWN_IMAGE_PROVENANCE,image provenance not encoded reliably,80e791159ba280e882f32032bb741b0c5442225bc632519537944bd2a44ddb0f
assets/book-covers-png/republic.webp,.webp,6418,UNKNOWN_IMAGE_PROVENANCE,image provenance not encoded reliably,3b462fbf03b87b5d784f1460e3eef83706de820ce808fa76dc123b2d2369110e
assets/book-covers-png/karamazov.png,.png,21253,UNKNOWN_IMAGE_PROVENANCE,image provenance not encoded reliably,1bd40a2e0b56871cd68d4ecf53cc95682713635f980eb5bab11a922c8c6e775a
assets/book-covers-png/karamazov.webp,.webp,9744,UNKNOWN_IMAGE_PROVENANCE,image provenance not encoded reliably,223f49dc53d29970fb373d0884ee2ffa23b9418ea1da5bbd9e25601cbcd12e09
assets/book-covers-png/fusus.webp,.webp,7478,UNKNOWN_IMAGE_PROVENANCE,image provenance not encoded reliably,cf682f34c441ab831834195d213e2349402b61a41f6fc056ddf45b809b0db7fe
assets/book-covers-png/sophies-world.png,.png,19097,UNKNOWN_IMAGE_PROVENANCE,image provenance not encoded reliably,3460bc6f27c46bff97d6fff84e9caa8cfef62a69949ae47f7a9fc7158bd137fc
assets/book-covers/meditations.svg,.svg,898,REVIEW_VECTOR_SOURCE,SVG may be project-authored or third-party; inspect metadata/source,41247be7feabefc7e730bb040df6eb8c228c9f86a882dcaa66bc7c5748bd51fa
assets/book-covers/totalitarianism.svg,.svg,890,REVIEW_VECTOR_SOURCE,SVG may be project-authored or third-party; inspect metadata/source,7ff27dbdefa8b6c7dfdf0c51c7746bc01eec2f14bdedeba4d4d3bcd470ab475a
assets/book-covers/scientific-revolutions.svg,.svg,905,REVIEW_VECTOR_SOURCE,SVG may be project-authored or third-party; inspect metadata/source,975a39b783f2f27419cb09d23fbce3290055b48add8c1e78acc8f646ce0e881d
assets/book-covers/republic.svg,.svg,875,REVIEW_VECTOR_SOURCE,SVG may be project-authored or third-party; inspect metadata/source,6e07c4c906aeeb605841970876f7b860d4d1a31be1c114f33f95d0a2246f86bb
assets/book-covers/sophies-world.svg,.svg,886,REVIEW_VECTOR_SOURCE,SVG may be project-authored or third-party; inspect metadata/source,9094dee5d1004e18031e26f1ccc8c55cbb5911db62ee04f38de457e8a9630c75
assets/book-covers/origin.svg,.svg,894,REVIEW_VECTOR_SOURCE,SVG may be project-authored or third-party; inspect metadata/source,78f29cec985a1ba80c9870236814359c28ac1f40de52e4f64b35c6ce823658e2
assets/book-covers/genealogy.svg,.svg,894,REVIEW_VECTOR_SOURCE,SVG may be project-authored or third-party; inspect metadata/source,a069fd6faf34f45b7663b5e08666b697b21b7d0547dad63c1c21a6faf85689b5
assets/book-covers/fusus.svg,.svg,899,REVIEW_VECTOR_SOURCE,SVG may be project-authored or third-party; inspect metadata/source,0e5e5989749d160ec52a8e5aa6c7e6a4658ac5fdb75a30df5bf7c9f840022298
assets/book-covers/karamazov.svg,.svg,911,REVIEW_VECTOR_SOURCE,SVG may be project-authored or third-party; inspect metadata/source,44bf281abeac67d68ac374e4996d3699ba12be6ab1ce8abdc5f03f22a389e0e0
assets/book-covers/muqaddimah.svg,.svg,876,REVIEW_VECTOR_SOURCE,SVG may be project-authored or third-party; inspect metadata/source,32e697510895f2df721d3b13d431d51e80b6f5dea6890da78125873e0f029816
assets/reiderland/kees.jpg,.jpg,102755,UNKNOWN_IMAGE_PROVENANCE,image provenance not encoded reliably,896c0cd9e69981fdb9bb98ca29bfcbb99bc31102ccb3e730068ed721da86f67e
assets/reiderland/anton.jpg,.jpg,160640,UNKNOWN_IMAGE_PROVENANCE,image provenance not encoded reliably,fac0b24234c0dcd408054b4c8f7cbf2a69a46d4bdb10a5161551352bb2f55015
assets/reiderland/directors.jpg,.jpg,128735,UNKNOWN_IMAGE_PROVENANCE,image provenance not encoded reliably,378d7ccfdbf2589dc31533b1a0b15c93fa7074dbacb436adece79a695c75743c
assets/jewish-research/maimonides.jpg,.jpg,353383,UNKNOWN_IMAGE_PROVENANCE,image provenance not encoded reliably,29a066b38fc2ba1ec35d94ecdb7b5b87c569754e309b31163cac3ec440ad3780
assets/jewish-research/joseph-karo.jpg,.jpg,1028997,UNKNOWN_IMAGE_PROVENANCE,image provenance not encoded reliably,d86c954112f58a1ab590dbcce565f37f00abbd197df1c82519abf9414291419c
assets/jewish-research/ovadia-yosef.jpg,.jpg,59767,UNKNOWN_IMAGE_PROVENANCE,image provenance not encoded reliably,f0d1c82a76233f9c778116de8923c98ce22afb70f2bd0001925562be86aa4e32
assets/jewish-research/yitzhak-yosef.jpg,.jpg,182156,UNKNOWN_IMAGE_PROVENANCE,image provenance not encoded reliably,39d162d38401615127709983191684b136f2018cc73dcf687222924d33e85476
assets/images/urania-goltzius.jpg,.jpg,3021882,UNKNOWN_IMAGE_PROVENANCE,image provenance not encoded reliably,c550fbe4499794a0f65ec2c2cfd30a6c76ab3f52a5cd5c51a5e7428e260363c2
assets/thumbs/projects.svg,.svg,457,REVIEW_VECTOR_SOURCE,SVG may be project-authored or third-party; inspect metadata/source,191ef81a9beb9548b2bcce8e4ae4448c4eadb3e1e38cd73cb4b628e51263e344
assets/thumbs/nusantara.svg,.svg,460,REVIEW_VECTOR_SOURCE,SVG may be project-authored or third-party; inspect metadata/source,ef70620ac18e426bd85d72def140b984dcf29ecdcb534ca9c30d1b7479010473
assets/thumbs/research.svg,.svg,468,REVIEW_VECTOR_SOURCE,SVG may be project-authored or third-party; inspect metadata/source,bf59bcd809ea6a103cee3a7a182574cbe6ce7164efc2f5436170bdd3bcd7777f
assets/thumbs/event.svg,.svg,462,REVIEW_VECTOR_SOURCE,SVG may be project-authored or third-party; inspect metadata/source,e84e1433fc8964dfe69292514915c01fe0d1cbf42a61df3cb6e63ef74c606904
assets/thumbs/person.svg,.svg,470,REVIEW_VECTOR_SOURCE,SVG may be project-authored or third-party; inspect metadata/source,86cb8ae4123b447ac5260174a19c66c7c3f7b9e74a8c0252f2b2f03d4011fc76
assets/thumbs/place.svg,.svg,513,REVIEW_VECTOR_SOURCE,SVG may be project-authored or third-party; inspect metadata/source,96a02bb159e6d91e95d31f616b934989cd37ac3e13572ab8d3efa3ededd3dc41
assets/thumbs/faith.svg,.svg,448,REVIEW_VECTOR_SOURCE,SVG may be project-authored or third-party; inspect metadata/source,44ef58b9ad84ed4fe90505aeec394f598a3ad7b7a0e413e8d96243ddf2b25d7b
assets/thumbs/memory.svg,.svg,486,REVIEW_VECTOR_SOURCE,SVG may be project-authored or third-party; inspect metadata/source,c9ca4fe3ed01a084b24b4a38109e4b7f8ef4f5a7d65a833f7f4e51b3d38ac87e
assets/thumbs/library.svg,.svg,470,REVIEW_VECTOR_SOURCE,SVG may be project-authored or third-party; inspect metadata/source,719a9a83a32bc8f403896819e7215ecc8ba0e6fb412ac3a91a8cc18280d485c4
assets/thumbs/default.svg,.svg,453,REVIEW_VECTOR_SOURCE,SVG may be project-authored or third-party; inspect metadata/source,072e2ab244828a7edd171e2a4d70975bb4a28fbc36717cab1632cb8aab0a1fac
assets/thumbs-png/faith.png,.png,13757,UNKNOWN_IMAGE_PROVENANCE,image provenance not encoded reliably,f2a94145c4a1a4994b715974f6209af0bb65e3a0ac7ab4b405a90593ad8fedeb
assets/thumbs-png/projects.png,.png,13137,UNKNOWN_IMAGE_PROVENANCE,image provenance not encoded reliably,4a837e89b285a93572cfb18823e525ef54ba8a2bf2e66fef58aefa72cc6df7a5
assets/thumbs-png/nusantara.png,.png,12992,UNKNOWN_IMAGE_PROVENANCE,image provenance not encoded reliably,fb94f3b3b63eb0d8659488c09c39ecd88b46eeda3c9df78dfb6660a26a9196b7
assets/thumbs-png/person.png,.png,13530,UNKNOWN_IMAGE_PROVENANCE,image provenance not encoded reliably,ed7a9b85cb9feed510b6c966009a3c18d2a8424df8af15d3ca1f98aa8bbbde32
assets/thumbs-png/place.png,.png,19601,UNKNOWN_IMAGE_PROVENANCE,image provenance not encoded reliably,98a573085a6d0b5441403433893a7a0622057c4f0f7315ad9757e5840bb10311
assets/thumbs-png/event.png,.png,14479,UNKNOWN_IMAGE_PROVENANCE,image provenance not encoded reliably,a1a93e9d7d7e300489a3b48804057eb9e272c0f1698feb914b9ed8dc8b2f72fa
assets/thumbs-png/research.png,.png,11986,UNKNOWN_IMAGE_PROVENANCE,image provenance not encoded reliably,c2487abb35a6485a62becb626de1bc6d5774e671250178e7c7644cfb4cc05797
assets/thumbs-png/memory.png,.png,15029,UNKNOWN_IMAGE_PROVENANCE,image provenance not encoded reliably,5bb15655dd9438cb718fb69c0608dfd1abba0cb375da18b4a5de3b7b5e28667e
assets/thumbs-png/library.png,.png,14834,UNKNOWN_IMAGE_PROVENANCE,image provenance not encoded reliably,5481689f5c1578f3e42c822aa99ac6c310250414d64512a3c9dbe843d9d8227d
assets/thumbs-png/default.png,.png,14525,UNKNOWN_IMAGE_PROVENANCE,image provenance not encoded reliably,a6c188ca0b088fddbfaaff4c2ce79c2e2512d82e895e0d3bda32e7b2f1ce20f3
assets/audio/ghouta-silence-60s.wav,.wav,480044,UNKNOWN_AUDIO_PROVENANCE,audio provenance not encoded reliably,d9143b1f28e67d714a28c2dc3f324192d9a68862940f03c52cb93d9a5ee39778
assets/audio/idents/station-id-en.wav,.wav,272654,UNKNOWN_AUDIO_PROVENANCE,audio provenance not encoded reliably,d94293703e3342c0a20428b8bb82ae55ccdf688207695bb3d069beff85d02a9e
assets/audio/idents/station-id-tr.wav,.wav,262956,UNKNOWN_AUDIO_PROVENANCE,audio provenance not encoded reliably,196dea1bcca935bf8d80f903ef2b9c77bb4bd29b0fe7c5f83529f5c484ddce18
assets/audio/idents/station-id-es.wav,.wav,296304,UNKNOWN_AUDIO_PROVENANCE,audio provenance not encoded reliably,a77f5cc3f65d437dd41b04fee5dad2840ad13a9b074b6481e9c9447b8923858a
assets/audio/idents/station-id-de.wav,.wav,279826,UNKNOWN_AUDIO_PROVENANCE,audio provenance not encoded reliably,0698287ca41609a0a362c562ac13b95cb2968402ccdd662af5d7e8fc9c303a70
assets/audio/idents/station-id-nl.wav,.wav,286718,UNKNOWN_AUDIO_PROVENANCE,audio provenance not encoded reliably,6571d2e3d48708f9221cf28c4387d46230114b574724d03e8104a4c7484eb746
assets/audio/idents/hour-strike.wav,.wav,154394,UNKNOWN_AUDIO_PROVENANCE,audio provenance not encoded reliably,d61f8590dabcd935a6a59142e3f852fe8e18cef07b5ad1519569aa4cc62d0776
assets/audio/idents/station-id-he.wav,.wav,276742,UNKNOWN_AUDIO_PROVENANCE,audio provenance not encoded reliably,fb6515eccab833c7081f0003b1f8a521d265541241606a20348bd5a9e9a976c5
assets/audio/idents/station-id-fr.wav,.wav,267994,UNKNOWN_AUDIO_PROVENANCE,audio provenance not encoded reliably,92ef5a1a1605e055f93966134ca44ed9d10ecf6a1ac15de6c7da311bccd6e821
assets/audio/idents/station-id-jv.wav,.wav,317618,UNKNOWN_AUDIO_PROVENANCE,audio provenance not encoded reliably,d66b89f8d242f75da203585ff8b7cbf945e93727ff45eab164f90077753d83f7
assets/audio/idents/luxdot-signature.wav,.wav,217016,UNKNOWN_AUDIO_PROVENANCE,audio provenance not encoded reliably,7d1db7ab263dd90e4ff05a09c76879ee04353c1731cc425ea53aeffcf46d20a0
assets/audio/idents/station-id-id.wav,.wav,308028,UNKNOWN_AUDIO_PROVENANCE,audio provenance not encoded reliably,3ef3dad4156eef94eaf8f8360e21b25649a333375a21e0c976975ec7a0c53c04
assets/audio/idents/station-id-ar.wav,.wav,312312,UNKNOWN_AUDIO_PROVENANCE,audio provenance not encoded reliably,59ff5fddf9ca6dac3c5c2191fcae4c4f04d10d7a3785159cd04c96c54224f8fb
assets/audio/memorial/julia-ghabat-shams-alhaq.mp3,.mp3,5134750,UNKNOWN_AUDIO_PROVENANCE,audio provenance not encoded reliably,37b5155302148db677eabf0c3739059615a6a8baaece1c778f97d12fff59dc16
assets/audio/memorial/heartbeat-song-for-syria.mp3,.mp3,3403693,UNKNOWN_AUDIO_PROVENANCE,audio provenance not encoded reliably,8af358e53d7f4873715c3d2a759f4315699c9e39185e09b742c559b50af09ed7
assets/audio/memorial/heal-the-world.mp3,.mp3,5957680,UNKNOWN_AUDIO_PROVENANCE,audio provenance not encoded reliably,52e82f2ef35802e05de44a7be2eded5cf6f1ad687ba61a1f97b685edd113618d
assets/audio/memorial/sarkha-child-refugee.mp3,.mp3,3552946,UNKNOWN_AUDIO_PROVENANCE,audio provenance not encoded reliably,95fb1629295639e1e31945e7b259a8a8fd811298720e35dbae994e047ecc047d
assets/audio/memorial/one-day.mp3,.mp3,5123480,UNKNOWN_AUDIO_PROVENANCE,audio provenance not encoded reliably,e9b5c340e5bfd3ab5efcd44e11ff8acf181bf0554a6d1c9d3c2e2632fb8fcb1f
assets/audio/memorial/youre-not-alone-syria.mp3,.mp3,5786420,UNKNOWN_AUDIO_PROVENANCE,audio provenance not encoded reliably,9b06bb93a04ef6859eb2b0d004c5186809dc46afa42bae23c79e4c0863dcb5b8
assets/images/research/chaam-ledevaert-cemetery.jpg,.jpg,176080,UNKNOWN_IMAGE_PROVENANCE,image provenance not encoded reliably,d0bd0282ba25ade3726b6a302826d9f4d1c6d893582989213c64280f047a544f
assets/images/memory/maximilian-kolbe.jpg,.jpg,29959,UNKNOWN_IMAGE_PROVENANCE,image provenance not encoded reliably,2e24cfc7fa887a98afccf973888d7947701410042abd2fd6e1d44e19f42f7254
assets/images/memory/maximilian-kolbe-research.jpg,.jpg,144404,UNKNOWN_IMAGE_PROVENANCE,image provenance not encoded reliably,5192109fbb41d213179a2be12223f2b06fdba2cb4aa53cec96d809058e30eb0e
assets/images/memory/santanna-monument.jpg,.jpg,543208,UNKNOWN_IMAGE_PROVENANCE,image provenance not encoded reliably,77d3b683bf7bb84ced095eabfb4f773f7313a87f3ffb0cbe4597c3bcfd6bf06f
assets/images/memory/saint-genis-memorial.jpg,.jpg,2747061,UNKNOWN_IMAGE_PROVENANCE,image provenance not encoded reliably,0da7745dde13b76a39daaf61223b5fc6eb20cae35259ca97aab1803bacbb5859
assets/images/memory/kolbe-niepokalanow.jpg,.jpg,133852,UNKNOWN_IMAGE_PROVENANCE,image provenance not encoded reliably,180b768422aebae8a053ee0d6dffcafb84a57c3d1722d5f24ef2a9ed97919c1f
assets/images/memory/franciszek-gajowniczek.jpg,.jpg,87626,UNKNOWN_IMAGE_PROVENANCE,image provenance not encoded reliably,462a5c75a0688916fe51cc33386236235b1f1cce8e7cc9fdb2d0cdda27f886bb
assets/images/memory/raffy-indies-commemoration.jpg,.jpg,247883,UNKNOWN_IMAGE_PROVENANCE,image provenance not encoded reliably,508c791fb6b9b56c4001dddfa34f04315a263078d1207a169e1c67b6f69f9d90
assets/images/memory/edith-stein.jpeg,.jpeg,201032,UNKNOWN_IMAGE_PROVENANCE,image provenance not encoded reliably,789d870c8f11ef16c66039b88ef6538c816d2ae8aabc1e6eb94a4de3136cfe65
assets/images/memory/edith-stein-carmel.jpg,.jpg,306137,UNKNOWN_IMAGE_PROVENANCE,image provenance not encoded reliably,163c7c7fd560122376c7d671e2f39e2103cc252f01f11f48e9d41fe4e86cc947
assets/images/memory/indonesia-proclamation-1945.jpg,.jpg,308435,UNKNOWN_IMAGE_PROVENANCE,image provenance not encoded reliably,ce55c945501e61b9c213d752b00040a867adfbb2a180a2257428e511e4ff81dd
assets/images/memory/edith-stein-echt-memorial.jpg,.jpg,400231,UNKNOWN_IMAGE_PROVENANCE,image provenance not encoded reliably,78c3ebfdfb898315330e0f3abceef24ef149ae8d95340388724b4cf8288247fc
assets/images/memory/canal-hotel-2003.jpg,.jpg,50415,UNKNOWN_IMAGE_PROVENANCE,image provenance not encoded reliably,b1b9b83a37177d84508dce680661f84632cbb740dcbe3842620783462a301000
assets/images/memory/edith-stein-student.jpg,.jpg,1305933,UNKNOWN_IMAGE_PROVENANCE,image provenance not encoded reliably,5a3e01d6b5860bed407aaf7c1e3dbfd457331472d54f6be923f352893bfae9ea
assets/images/research/withagen/bergen-1741-map.jpg,.jpg,118206,UNKNOWN_IMAGE_PROVENANCE,image provenance not encoded reliably,0b3d5c0e44b28022945dc6afab2a36b3d4bef96518ddad2889606b9b68a0edea
